,Age,Attrition,Department,DistanceFromHome,EducationField,EnvironmentSatisfaction,JobInvolvement,JobLevel,JobRole,JobSatisfaction,MaritalStatus,MonthlyIncome,MonthlyRate,NumCompaniesWorked,OverTime,StockOptionLevel,TotalWorkingYears,YearsAtCompany,YearsInCurrentRole,YearsSinceLastPromotion,YearsWithCurrManager
0,41,1,0,1,0,2,3,2,0,4,0,5993,19479,8,1,0,8,6,4,0,5
1,49,0,1,8,0,3,2,2,1,2,1,5130,24907,1,0,1,10,10,7,1,7
2,37,1,1,2,1,4,2,1,2,3,0,2090,2396,6,1,0,7,0,0,0,0
3,33,0,1,3,0,4,3,1,1,3,1,2909,23159,1,1,0,8,8,7,3,0
4,27,0,1,2,2,1,3,1,2,2,1,3468,16632,9,0,1,6,2,2,2,2
5,32,0,1,2,0,4,3,1,2,4,0,3068,11864,0,0,0,8,7,7,3,6
6,59,0,1,3,2,3,4,1,2,1,1,2670,9964,4,1,3,12,1,0,0,0
7,30,0,1,24,0,4,3,1,2,3,2,2693,13335,1,0,1,1,1,0,0,0
8,38,0,1,23,0,4,2,3,3,3,0,9526,8787,0,0,0,10,9,7,1,8
9,36,0,1,27,2,3,3,2,4,3,1,5237,16577,6,0,2,17,7,7,7,7
10,35,0,1,16,2,1,4,1,2,2,1,2426,16479,0,0,1,6,5,4,0,3
11,29,0,1,15,0,4,2,2,2,3,0,4193,12682,0,1,0,10,9,5,0,8
12,31,0,1,26,0,1,3,1,1,3,2,2911,15170,1,0,1,5,5,2,4,3
13,34,0,1,19,2,2,3,1,2,4,2,2661,8758,0,0,1,3,2,2,1,2
14,28,1,1,24,0,3,2,1,2,3,0,2028,12947,5,1,0,6,4,2,0,3
15,29,0,1,21,0,2,4,3,3,1,2,9980,10195,1,0,1,10,10,9,8,8
16,32,0,1,5,0,1,4,1,1,2,2,3298,15053,0,1,2,7,6,2,0,5
17,22,0,1,16,2,4,4,1,2,4,2,2935,7324,1,1,2,1,1,0,0,0
18,53,0,0,2,0,1,2,4,5,4,1,15427,22021,2,0,0,31,25,8,3,7
19,38,0,1,2,0,4,3,1,1,4,0,3944,4306,5,1,0,6,3,2,1,2
20,24,0,1,11,1,1,4,2,3,3,2,4011,8232,0,0,1,5,4,2,1,3
21,36,1,0,9,0,3,2,1,6,1,0,3407,6986,7,0,0,10,5,3,0,3
22,34,0,1,7,0,1,3,3,7,2,0,11994,21293,0,0,0,13,12,6,2,11
23,21,0,1,15,0,3,3,1,1,4,0,1232,19281,1,0,0,0,0,0,0,0
24,34,1,1,6,2,2,3,1,1,1,0,2960,17102,2,0,0,8,4,2,1,3
25,53,0,1,5,1,3,3,5,5,3,2,19094,10735,4,0,1,26,14,13,4,8
26,32,1,1,16,0,2,1,1,1,1,0,3919,4681,1,1,0,10,10,2,6,7
27,42,0,0,8,3,3,3,2,0,2,1,6825,21173,0,0,1,10,9,7,4,2
28,44,0,1,7,2,1,2,3,4,4,1,10248,2094,3,0,1,24,22,6,5,17
29,46,0,0,2,3,2,3,5,5,1,0,18947,22822,3,0,0,22,2,2,2,1
30,33,0,1,2,2,3,3,1,2,4,0,2496,6670,4,0,0,7,1,1,0,0
31,44,0,1,10,1,4,3,2,4,4,1,6465,19121,2,1,0,9,4,2,1,3
32,30,0,1,9,2,4,2,1,2,3,0,2206,16117,1,0,0,10,10,0,1,8
33,39,1,0,5,4,4,3,2,6,4,1,2086,3335,3,0,1,19,1,0,0,0
34,24,1,1,1,2,2,3,1,1,4,1,2293,3020,2,1,1,6,2,0,2,0
35,43,0,1,2,2,4,4,1,1,3,2,2645,21923,1,0,2,6,5,3,1,4
36,50,1,0,3,3,1,2,1,6,3,1,2683,3810,1,1,0,3,3,2,0,2
37,35,0,0,2,3,4,3,1,6,4,1,2014,9687,1,0,0,2,2,2,2,2
38,36,0,1,5,0,2,2,1,1,1,1,3419,13072,9,1,1,6,1,1,0,0
39,33,0,0,1,0,3,4,2,0,1,1,5376,3193,2,0,2,10,5,3,1,3
40,35,0,1,4,1,3,3,1,2,4,2,1951,10910,1,0,1,1,1,0,0,0
41,27,0,1,2,0,4,3,1,2,1,2,2341,19715,1,0,1,1,1,0,0,0
42,26,1,1,25,0,1,1,1,2,3,0,2293,10558,1,0,0,1,1,0,0,1
43,27,0,0,8,0,4,3,3,0,3,0,8726,2975,1,0,0,9,9,8,1,7
44,30,0,1,1,2,3,3,2,2,4,0,4011,10781,1,0,0,12,12,8,3,7
45,41,1,1,12,4,2,3,5,7,3,1,19545,16280,1,0,0,23,22,15,15,8
46,34,0,0,23,3,2,3,2,0,3,0,4568,10034,0,0,0,10,9,5,8,7
47,37,0,1,19,0,2,3,1,1,2,1,3022,10227,4,0,0,8,1,0,0,0
48,46,0,0,5,3,1,3,2,0,4,0,5772,20445,4,1,0,14,9,6,0,8
49,35,0,1,8,0,4,4,1,2,4,1,2269,4892,1,0,0,1,1,0,0,1
50,48,1,1,1,0,1,2,3,2,3,0,5381,19294,9,1,0,23,1,0,0,0
51,28,1,1,5,4,3,3,1,2,3,0,3441,11179,1,1,0,2,2,2,2,2
52,44,0,0,1,3,2,3,2,0,1,2,5454,4009,5,1,1,9,4,3,1,3
53,35,0,1,11,2,3,2,3,4,1,1,9884,8302,2,1,1,10,4,0,2,3
54,26,0,0,23,3,3,2,2,0,4,1,4157,21436,7,1,1,5,2,2,0,0
55,33,0,1,1,0,1,3,3,7,4,0,13458,15146,1,1,0,15,15,14,8,12
56,35,0,0,18,0,2,3,3,0,1,1,9069,11031,1,0,1,9,9,8,1,8
57,35,0,1,23,2,3,3,1,2,1,1,4014,16002,3,1,1,4,2,2,2,2
58,31,0,1,7,0,4,3,2,2,4,2,5915,9528,3,0,1,10,7,7,1,7
59,37,0,1,1,0,1,2,2,3,3,2,5993,2689,1,0,1,7,7,5,0,7
60,32,0,1,1,2,1,3,2,3,4,1,6162,10877,1,1,1,9,9,8,7,8
61,38,0,1,29,0,4,3,2,2,4,0,2406,5456,1,0,0,10,10,3,9,9
62,50,0,1,7,2,2,2,5,7,3,2,18740,16701,5,1,1,29,27,3,13,8
63,59,0,0,25,0,1,3,3,0,1,0,7637,2354,7,0,0,28,21,16,7,9
64,36,0,1,8,4,3,3,3,4,3,2,10096,8202,1,0,3,17,17,14,12,8
65,55,0,1,8,2,4,3,4,5,3,2,14756,19730,2,1,3,21,5,0,0,2
66,36,0,1,11,0,2,2,2,3,2,0,6499,22656,1,0,0,6,6,5,0,3
67,45,0,1,7,0,2,3,3,1,1,2,9724,18787,2,0,1,25,1,0,0,0
68,35,0,1,1,2,2,3,1,1,1,1,2194,5868,4,0,1,5,3,2,1,2
69,36,1,1,9,2,4,2,1,1,3,1,3388,21777,0,1,1,2,1,0,0,0
70,59,0,0,1,0,1,2,2,0,3,0,5473,24668,7,0,0,20,4,3,1,3
71,29,0,1,2,0,3,3,1,1,2,1,2703,4956,0,0,1,6,5,4,0,4
72,31,0,1,1,2,3,3,1,1,2,0,2501,18775,1,0,0,1,1,1,1,0
73,32,0,1,1,0,2,3,2,1,2,1,6220,7346,1,0,2,10,10,4,0,9
74,36,0,1,6,0,2,4,1,2,4,1,3038,22002,3,0,0,5,1,0,0,0
75,31,0,1,8,0,3,3,2,3,4,0,4424,20682,1,0,0,11,11,7,1,8
76,35,0,0,1,3,3,2,2,0,1,0,4312,23016,0,0,0,16,15,13,2,8
77,45,0,1,6,1,4,3,3,7,1,1,13245,15067,4,1,0,17,0,0,0,0
78,37,0,1,7,2,1,3,3,7,3,0,13664,25258,4,0,0,16,5,2,0,2
79,46,0,2,5,2,2,3,2,8,2,2,5021,10425,8,1,1,16,4,2,0,2
80,30,0,1,1,0,4,2,2,2,4,1,5126,15998,1,1,2,10,10,8,3,0
81,35,0,1,1,2,2,2,1,1,3,0,2859,26278,1,0,0,6,6,4,0,4
82,55,0,0,1,0,1,3,3,0,4,1,10239,18092,3,0,1,24,1,0,1,0
83,38,0,1,6,2,2,1,2,1,4,2,5329,15717,7,1,3,17,13,11,1,9
84,34,0,1,1,2,1,3,2,3,2,1,4325,17736,1,0,0,5,5,2,1,3
85,56,0,1,7,0,4,1,3,3,4,0,7260,21698,4,0,0,37,6,4,0,2
86,23,0,0,2,4,3,3,1,6,1,2,2322,9518,3,0,1,3,0,0,0,0
87,51,0,1,9,0,4,3,1,2,4,1,2075,18725,3,0,2,10,4,2,0,3
88,30,0,1,2,0,3,2,2,4,4,1,4152,15830,1,0,3,11,11,10,10,8
89,46,1,0,9,2,3,2,3,0,4,0,9619,13596,1,0,0,9,9,8,4,7
90,40,0,1,1,0,3,2,4,4,2,1,13503,14115,1,0,1,22,22,3,11,11
91,51,0,0,21,3,3,3,2,0,4,0,5441,8423,0,1,0,11,10,7,1,0
92,30,0,0,4,2,3,2,2,0,2,2,5209,19760,1,1,3,11,11,8,2,7
93,46,0,1,1,2,3,2,3,4,1,1,10673,3142,2,1,1,21,10,9,9,5
94,32,0,0,6,2,2,3,2,0,3,0,5010,24301,1,0,0,12,11,8,5,7
95,54,0,1,2,4,1,3,3,7,3,1,13549,24001,9,0,1,16,4,3,0,3
96,24,0,0,3,1,1,3,2,0,3,1,4999,17519,0,0,1,4,3,2,0,2
97,28,0,0,4,2,2,3,2,0,3,1,4221,8863,1,0,0,5,5,4,0,4
98,58,0,0,10,2,4,3,4,0,3,0,13872,24409,0,0,0,38,37,10,1,8
99,44,0,1,23,2,2,3,2,2,2,1,2042,25043,4,0,1,17,3,2,1,2
100,37,1,2,6,5,3,3,1,8,1,2,2073,23648,4,1,0,7,3,2,0,2
101,32,0,1,1,0,4,3,1,1,1,0,2956,15178,1,0,0,1,1,0,0,0
102,20,1,1,6,0,4,2,1,2,4,0,2926,19783,1,1,0,1,1,0,1,0
103,34,0,1,6,1,1,3,2,1,3,0,4809,12482,1,0,0,16,16,13,2,10
104,37,0,1,2,0,3,2,2,4,4,2,5163,15850,5,0,1,17,1,0,0,0
105,59,0,2,2,5,3,2,5,5,4,1,18844,21922,9,0,1,30,3,2,2,2
106,50,0,1,1,0,1,3,5,7,2,1,18172,9755,3,1,0,28,8,3,0,7
107,25,1,0,5,3,3,2,2,0,3,0,5744,26959,1,1,0,6,6,4,0,3
108,25,0,1,7,2,4,2,1,1,4,1,2889,26897,1,0,2,2,2,2,2,1
109,22,0,1,15,2,2,3,1,2,4,0,2871,23785,1,0,0,1,0,0,0,0
110,51,0,1,1,2,1,2,3,4,1,0,7484,25796,3,0,0,23,13,12,12,8
111,34,1,1,7,0,1,1,2,2,3,0,6074,22887,1,1,0,9,9,7,0,6
112,54,0,2,26,5,4,4,4,5,4,0,17328,13871,2,1,0,23,5,3,4,4
113,24,0,1,18,0,2,3,1,2,3,1,2774,13257,0,0,1,6,5,3,1,2
114,34,0,1,6,0,3,2,2,1,2,2,4505,15000,6,0,1,12,1,0,0,0
115,37,0,0,3,0,3,3,3,0,4,0,7428,14506,2,0,0,12,5,3,1,3
116,34,0,1,5,2,3,2,3,5,1,0,11631,5615,2,0,0,14,11,10,5,8
117,36,0,0,11,4,2,3,3,0,4,1,9738,22952,0,0,1,10,9,7,2,8
118,36,0,1,3,0,1,3,1,2,4,2,2835,2561,5,0,1,7,1,0,0,0
119,43,0,0,26,0,3,3,4,5,4,1,16959,19494,1,1,2,25,25,12,4,12
120,30,0,1,23,0,1,1,1,1,3,2,2613,22310,1,0,3,10,10,7,0,9
121,33,0,0,22,3,3,3,2,0,2,1,6146,15480,0,0,1,8,7,7,0,7
122,56,1,1,14,0,2,3,1,1,2,1,4963,4510,9,1,3,7,5,4,4,3
123,51,0,1,6,0,1,3,5,7,3,0,19537,6462,7,0,0,23,20,18,15,15
124,31,1,0,6,0,2,1,2,0,3,1,6172,20739,4,1,0,12,7,7,7,7
125,26,0,1,6,1,3,2,1,1,2,1,2368,23300,1,0,0,5,5,4,4,3
126,58,1,1,23,2,4,3,3,4,4,1,10312,3465,1,0,1,40,40,10,15,6
127,19,1,0,22,3,4,3,1,6,3,0,1675,26820,1,1,0,0,0,0,0,0
128,22,0,1,2,4,3,3,1,2,4,1,2523,19299,0,0,1,3,2,1,2,1
129,49,0,1,20,2,3,3,2,3,1,1,6567,5549,1,0,0,16,15,11,5,11
130,43,0,1,28,2,2,4,1,1,3,0,4739,16090,4,0,0,18,3,2,1,2
131,50,0,0,12,3,3,3,3,0,4,0,9208,6645,4,0,0,16,2,2,2,1
132,31,1,0,20,0,2,1,2,0,3,1,4559,24788,3,1,1,4,2,2,2,2
133,41,0,0,9,0,3,3,3,0,3,2,8189,21196,3,1,1,12,9,7,0,7
134,26,0,2,25,0,3,3,1,8,3,1,2942,8916,1,0,1,8,8,7,5,7
135,36,0,1,6,2,2,3,2,3,2,2,4941,2819,6,0,2,7,3,2,0,1
136,51,1,1,8,0,1,1,3,3,4,0,10650,25150,2,0,0,18,4,2,0,3
137,39,0,0,4,0,4,2,2,0,3,1,5902,14590,4,0,1,17,15,11,5,9
138,25,0,0,28,0,1,2,2,0,3,1,8639,24835,2,0,0,6,2,2,2,2
139,30,0,2,9,5,3,3,2,8,4,1,6347,13982,0,1,0,12,11,9,4,7
140,32,1,1,9,2,1,3,1,2,1,0,4200,10224,7,0,0,10,5,4,0,4
141,45,0,1,29,2,3,3,1,1,4,0,3452,9752,5,0,0,9,6,5,0,3
142,38,0,1,3,4,4,3,2,1,3,0,4317,2302,3,1,0,19,3,2,2,2
143,30,0,1,18,0,1,3,1,1,3,0,2632,23910,1,0,0,5,5,4,0,4
144,32,0,0,9,2,4,1,2,0,4,2,4668,22812,0,0,3,9,8,7,0,7
145,30,0,1,5,4,4,3,1,1,1,2,3204,10415,5,0,1,8,3,2,2,2
146,30,0,1,2,2,2,2,1,2,4,0,2720,11162,0,0,0,6,5,3,1,2
147,41,0,1,10,0,4,2,4,5,1,2,17181,12888,4,0,1,21,7,6,7,7
148,41,0,1,9,0,3,3,1,2,1,1,2238,6961,2,0,1,7,5,0,1,4
149,19,0,1,3,2,2,3,1,2,2,0,1483,16102,1,0,0,1,1,0,0,0
150,40,0,1,26,2,2,3,2,1,2,2,5605,8504,1,0,1,20,20,7,2,13
151,35,0,0,1,3,3,3,3,0,2,1,7295,11439,1,0,2,10,10,8,0,6
152,53,0,0,6,3,2,3,2,6,3,1,2306,16047,2,1,1,13,7,7,4,5
153,45,0,1,9,0,2,3,2,2,2,2,2348,10901,8,0,1,20,17,9,0,15
154,32,0,0,8,3,2,3,3,0,4,0,8998,15589,1,0,0,9,9,8,3,7
155,29,0,1,1,4,4,3,2,3,3,1,4319,26283,1,0,1,10,10,7,0,9
156,51,0,1,7,2,2,2,2,3,3,1,6132,13983,2,0,0,10,1,0,0,0
157,58,0,1,9,2,2,2,1,1,2,1,3346,11873,4,1,1,9,1,0,0,0
158,40,0,0,4,3,3,2,3,0,4,1,10855,8552,7,0,1,15,12,11,2,11
159,34,0,0,2,3,3,3,1,6,3,1,2231,11314,6,0,1,6,4,3,1,2
160,22,0,1,19,2,3,3,1,1,4,1,2323,11992,1,0,2,2,2,2,2,2
161,27,0,1,9,2,4,3,1,1,2,2,2024,5970,6,0,1,6,2,2,2,2
162,28,0,1,21,2,3,3,1,1,4,1,2713,6672,1,0,1,5,5,2,0,2
163,57,0,1,24,0,3,4,3,4,4,2,9439,23402,3,1,1,12,5,3,1,4
164,27,0,1,3,2,3,2,1,1,3,2,2566,25326,1,1,1,1,1,1,0,1
165,50,0,1,11,0,3,3,5,5,2,0,19926,17053,3,0,0,21,5,4,4,4
166,41,0,1,14,0,1,3,1,1,3,2,2451,4609,4,0,1,13,9,8,1,8
167,30,0,0,5,0,2,3,3,0,4,1,9419,8053,2,0,1,12,10,9,7,4
168,38,0,0,1,0,1,2,2,0,4,0,8686,12930,4,0,0,12,8,3,0,7
169,32,0,1,6,0,3,3,1,1,3,0,3038,12430,3,0,0,8,5,4,1,4
170,27,0,1,17,4,3,3,1,1,2,1,3058,13364,0,1,1,6,5,2,1,1
171,19,1,0,1,4,3,1,1,6,1,0,2325,20989,0,0,0,1,0,0,0,0
172,36,0,1,3,2,4,3,1,2,2,0,2088,15062,4,0,0,13,8,7,7,2
173,30,0,1,9,2,3,3,2,2,1,2,3072,11012,1,0,2,12,12,9,6,10
174,45,0,0,4,0,3,3,2,0,1,2,5006,6319,4,1,1,9,5,4,0,3
175,56,0,1,8,0,3,3,1,1,1,2,4257,13939,4,1,1,19,2,2,2,2
176,33,0,1,2,0,3,3,1,1,4,0,2500,10515,0,0,0,4,3,1,0,2
177,19,1,1,2,0,2,2,1,2,4,0,1102,9241,1,0,0,1,1,0,1,0
178,46,0,0,1,3,2,3,3,0,1,2,10453,2137,1,0,3,24,24,13,15,7
179,38,0,1,9,0,3,3,1,2,4,0,2288,6319,1,0,0,2,2,2,2,1
180,31,0,1,12,2,3,3,1,1,4,1,3929,6984,8,1,1,7,4,2,0,2
181,34,0,1,27,2,4,3,1,1,2,0,2311,5711,2,0,0,9,3,2,1,2
182,41,1,0,20,3,2,3,1,6,2,0,3140,21728,1,1,0,4,4,3,0,2
183,50,0,1,1,2,3,2,1,2,3,1,3690,3425,2,0,1,5,3,2,0,2
184,53,0,1,13,2,4,4,2,3,1,2,4450,26250,1,0,2,5,4,2,1,3
185,33,0,1,14,2,4,3,1,1,2,1,2756,4673,1,0,1,8,8,7,1,6
186,40,0,1,4,2,4,3,5,5,3,1,19033,6499,1,0,1,21,20,8,9,9
187,55,0,1,14,2,3,4,5,7,2,0,18722,13339,8,0,0,36,24,15,2,15
188,34,0,1,2,0,4,2,2,3,3,1,9547,14074,1,0,0,10,10,9,1,9
189,51,0,1,3,2,4,3,4,4,2,0,13734,7192,3,0,0,21,7,7,1,0
190,52,0,1,1,0,3,2,5,5,3,1,19999,5678,0,0,1,34,33,18,11,9
191,27,0,1,9,2,4,3,1,1,2,0,2279,11781,1,0,0,7,7,7,0,3
192,35,1,1,23,0,2,2,2,3,3,1,5916,15497,3,1,0,8,1,0,0,1
193,43,0,1,7,2,4,4,1,1,4,2,2089,5228,4,0,3,7,5,4,2,2
194,45,0,1,2,2,1,2,4,5,4,1,16792,20462,9,0,1,22,20,8,11,8
195,37,0,1,21,0,2,4,1,1,1,1,3564,22977,1,1,1,8,8,7,1,7
196,35,0,1,2,2,2,3,2,2,2,0,4425,15986,5,0,0,10,6,2,1,2
197,42,0,1,21,2,3,3,2,3,3,2,5265,16439,2,0,1,11,5,3,0,2
198,38,0,1,2,0,4,3,2,3,3,1,6553,7259,9,0,0,14,1,0,0,0
199,38,0,1,29,4,4,3,2,3,4,1,6261,4185,3,0,1,9,7,7,1,7
200,27,0,1,1,4,3,2,2,3,1,1,4298,9679,5,0,1,6,2,2,2,0
201,49,0,1,18,0,4,3,2,3,4,2,6804,23793,1,1,2,7,7,7,1,7
202,34,0,1,10,2,4,3,1,1,3,2,3815,5972,1,1,1,5,5,3,2,0
203,40,0,1,19,2,3,3,2,2,4,1,2741,16523,8,1,1,15,7,2,3,7
204,38,1,1,29,2,2,3,2,4,1,1,6673,11354,7,1,0,17,1,0,0,0
205,29,1,0,27,3,2,3,3,0,4,1,7639,24525,1,0,3,10,10,4,1,9
206,22,0,1,5,0,4,4,1,1,2,2,2328,12392,1,1,1,4,4,2,2,2
207,36,0,1,18,2,2,3,1,2,4,0,2153,7703,1,0,0,8,8,1,1,7
208,40,0,1,9,0,4,2,2,4,4,1,4876,14242,9,0,1,5,3,2,0,2
209,46,0,1,1,2,4,3,3,4,1,2,9396,12368,7,0,1,17,4,2,0,3
210,32,1,0,4,2,4,1,3,0,4,1,10400,25812,1,0,0,14,14,8,9,8
211,30,0,1,1,0,3,2,3,3,3,0,8474,20925,1,0,0,12,11,8,5,8
212,27,0,0,20,0,4,3,2,0,3,0,9981,12916,1,0,0,7,7,7,0,7
213,51,0,1,8,0,2,2,3,7,2,1,12490,15736,5,0,2,16,10,9,4,7
214,30,1,1,3,4,4,3,1,1,1,0,2657,8556,5,1,0,8,5,2,0,4
215,41,0,0,6,0,4,3,3,5,4,0,13591,14674,3,1,0,16,1,0,0,0
216,30,1,0,26,3,3,2,2,0,1,0,6696,22967,5,0,0,9,6,3,0,1
217,29,1,1,1,4,3,3,1,1,3,0,2058,19757,0,0,0,7,6,2,1,5
218,45,0,0,6,2,4,2,3,0,4,0,8865,16840,6,0,0,23,19,7,12,8
219,54,0,0,3,3,4,3,2,0,1,1,5940,17011,2,0,1,16,6,2,0,5
220,36,0,1,5,0,4,3,2,2,2,0,5914,9945,8,0,0,16,13,11,3,7
221,33,0,1,4,2,3,2,1,1,2,1,2622,13248,6,0,0,7,3,2,1,1
222,37,0,1,11,1,2,3,3,7,4,2,12185,10056,1,1,3,10,10,8,0,7
223,38,0,0,3,0,1,3,3,0,3,2,10609,9647,0,0,2,17,16,10,5,13
224,31,0,1,1,2,3,1,2,3,3,1,4345,4381,0,0,1,6,5,4,1,4
225,59,0,1,3,0,3,2,1,1,4,1,2177,8456,3,0,1,7,1,0,0,0
226,37,0,0,4,3,1,3,1,6,4,2,2793,2539,4,0,1,13,9,8,5,8
227,29,0,0,1,2,2,3,3,0,4,1,7918,6599,1,0,1,11,11,10,4,1
228,35,0,0,1,3,3,3,3,0,3,0,8789,9096,1,0,0,10,10,7,0,8
229,29,1,1,18,2,3,2,1,1,4,0,2389,14961,1,1,0,4,4,3,0,1
230,52,0,1,2,0,3,2,1,2,4,0,3212,3300,7,0,0,6,2,2,2,2
231,42,0,1,4,4,3,3,5,5,4,1,19232,4933,1,0,0,22,22,17,11,15
232,59,0,2,6,2,2,3,1,8,3,1,2267,25657,8,0,0,7,2,2,2,2
233,50,0,0,1,2,4,3,5,5,4,2,19517,24118,3,0,1,32,7,0,0,6
234,33,1,1,14,2,3,3,1,2,4,1,2436,22149,5,1,1,8,5,4,0,4
235,43,0,0,16,3,4,3,4,5,4,1,16064,7744,5,1,1,22,17,13,1,9
236,33,1,1,2,0,1,3,1,2,1,1,2707,21509,7,0,0,13,9,7,1,7
237,52,0,0,2,0,1,2,5,5,3,0,19068,21030,1,1,0,33,33,7,15,12
238,32,0,0,4,0,3,3,1,6,2,1,3931,20990,2,0,1,6,4,3,1,2
239,32,1,1,1,0,4,2,1,2,3,0,3730,9571,0,1,0,4,3,2,1,2
240,39,0,1,1,2,3,3,1,2,3,2,2232,15417,7,0,3,7,3,2,1,2
241,32,0,0,26,3,3,3,2,0,4,1,4465,12069,0,0,0,4,3,2,2,2
242,41,0,1,19,0,3,3,2,1,1,2,3072,19877,2,0,2,17,1,0,0,0
243,40,0,1,24,4,1,3,2,1,4,2,3319,24447,1,0,2,9,9,8,4,7
244,45,0,1,1,1,3,4,5,5,4,1,19202,15970,0,0,1,25,24,0,1,7
245,31,0,1,3,2,2,3,3,7,3,2,13675,13523,9,0,1,9,2,2,2,2
246,33,0,1,5,0,3,2,1,1,4,1,2911,14776,1,0,1,2,2,2,0,2
247,34,0,1,2,0,4,2,2,3,1,1,5957,23687,6,0,1,13,11,9,5,9
248,37,0,1,1,2,3,2,1,1,1,1,3920,18697,2,0,1,17,3,1,0,2
249,45,0,1,7,0,1,4,2,3,3,1,6434,5118,4,0,1,9,3,2,0,2
250,37,1,1,10,2,1,3,3,3,3,2,10048,22573,6,0,2,17,1,0,0,0
251,39,0,1,2,4,3,3,3,4,3,0,10938,6420,0,0,0,20,19,6,11,8
252,29,0,1,15,0,3,3,1,1,4,0,2340,22673,1,0,0,6,6,5,1,5
253,42,0,1,17,0,4,4,2,1,1,0,6545,23016,3,1,0,10,3,2,0,2
254,29,0,0,20,3,4,3,2,0,4,2,6931,10732,2,0,1,10,3,2,0,2
255,25,0,1,1,0,1,3,2,3,3,1,4898,7505,0,0,2,5,4,2,1,2
256,42,0,1,2,2,4,2,1,2,1,2,2593,8007,0,1,1,10,9,6,7,8
257,40,0,1,2,2,1,3,5,7,3,2,19436,5949,0,0,1,22,21,7,3,9
258,51,0,1,1,0,3,3,1,1,4,1,2723,23231,1,0,0,1,1,0,0,0
259,31,1,1,29,2,3,2,1,2,2,0,3479,11652,0,0,0,6,5,4,1,4
260,32,0,1,7,0,2,4,1,2,2,1,2794,26062,1,0,0,5,5,1,0,3
261,38,0,0,2,0,4,2,2,0,4,1,5249,19682,3,0,1,13,8,7,7,5
262,32,0,1,2,4,4,2,2,2,1,0,2176,19737,4,0,0,9,6,2,0,4
263,46,0,0,2,4,3,1,4,5,2,1,16872,14977,3,1,1,28,7,7,7,7
264,28,1,1,2,0,1,3,1,2,3,0,3485,14935,2,0,0,5,0,0,0,0
265,29,0,0,2,2,1,2,2,0,2,1,6644,3687,2,0,2,10,0,0,0,0
266,31,0,1,23,2,2,2,2,4,4,1,5582,14408,0,0,1,10,9,0,7,8
267,25,0,1,5,0,2,4,2,4,1,2,4000,18384,1,0,2,6,6,3,1,5
268,45,0,1,20,2,3,3,4,4,4,1,13496,7501,0,1,0,21,20,7,4,10
269,36,0,1,6,0,4,3,1,2,4,1,3210,20251,0,0,1,16,15,13,10,11
270,55,0,1,1,2,4,3,5,5,1,0,19045,18938,0,1,0,37,36,10,4,13
271,47,1,1,29,0,1,3,3,5,2,1,11849,10268,1,1,1,10,10,7,9,9
272,28,0,1,9,2,4,3,1,1,4,1,2070,2613,1,0,1,5,5,2,0,4
273,37,0,0,6,2,3,3,2,0,4,1,6502,22825,4,0,1,7,5,4,0,1
274,21,0,1,3,2,4,2,1,1,3,0,3230,10531,1,0,0,3,3,2,1,0
275,37,0,1,1,2,1,3,3,7,4,2,13603,11677,2,1,2,15,5,2,0,2
276,35,0,1,22,0,2,4,3,5,2,2,11996,19100,7,0,1,10,7,7,6,2
277,38,0,0,7,2,1,4,2,0,1,2,5605,19191,1,1,1,8,8,0,7,7
278,26,0,1,1,0,3,3,2,3,2,2,6397,26767,1,0,1,6,6,5,1,4
279,50,0,1,4,0,1,3,5,7,2,2,19144,15815,3,0,2,28,10,4,1,6
280,53,0,1,3,2,3,3,4,7,3,1,17584,21016,3,1,3,21,5,3,1,3
281,42,0,0,1,0,2,3,2,0,3,1,4907,24532,1,0,0,20,20,16,11,6
282,29,0,0,2,0,2,3,2,0,4,0,4554,20260,1,0,0,10,10,7,0,9
283,55,0,1,20,4,2,3,2,2,4,1,5415,15972,3,1,1,12,10,7,0,8
284,26,0,1,11,2,1,3,2,4,1,1,4741,22722,1,1,1,5,5,3,3,3
285,37,0,1,1,0,4,3,1,1,4,0,2115,15881,1,0,0,17,17,12,5,7
286,44,1,1,24,0,4,3,1,2,3,2,3161,19920,3,1,1,19,1,0,0,0
287,38,0,1,23,0,4,3,2,4,4,2,5745,18899,9,0,1,10,2,2,1,2
288,26,1,1,16,2,1,3,1,2,2,2,2373,14180,2,1,1,5,3,2,0,2
289,28,0,1,8,0,4,3,1,1,4,0,3310,4488,1,0,0,5,5,3,0,2
290,49,0,1,10,0,3,3,5,7,1,0,18665,25594,9,1,0,22,3,2,1,2
291,36,0,1,3,4,3,3,2,1,2,0,4485,26285,4,0,0,10,8,0,7,7
292,31,0,0,5,3,4,3,1,6,2,2,2789,3909,1,0,1,2,2,2,2,2
293,26,1,0,4,3,4,2,2,0,4,0,5828,8450,1,1,0,8,8,7,7,4
294,37,0,1,9,2,2,3,1,1,4,1,2326,11411,1,1,3,4,4,2,1,2
295,42,0,0,26,3,3,3,4,0,2,1,13525,14864,5,0,1,23,20,4,4,8
296,18,1,1,3,0,3,3,1,2,3,0,1420,25233,1,0,0,0,0,0,0,0
297,35,0,0,16,3,3,3,3,0,2,1,8020,5100,0,0,2,12,11,9,6,9
298,36,0,1,18,0,3,4,1,2,4,1,3688,7122,4,0,2,4,1,0,0,0
299,51,0,1,2,2,4,1,2,3,2,2,5482,16321,5,0,1,13,4,1,1,2
300,41,0,0,2,0,4,3,4,5,2,0,16015,15896,1,0,0,22,22,10,0,4
301,18,0,0,10,2,4,2,1,6,3,0,1200,9724,1,0,0,0,0,0,0,0
302,28,0,1,16,2,2,4,2,4,1,0,5661,4824,0,0,0,9,8,3,0,7
303,31,0,0,7,4,2,4,2,0,4,1,6929,12241,4,0,1,10,8,7,7,7
304,39,0,1,1,2,3,4,3,4,4,2,9613,10942,0,0,3,19,18,10,3,7
305,36,0,1,24,0,2,3,2,2,2,1,5674,6927,7,0,1,11,9,8,0,8
306,32,0,0,7,0,4,2,2,0,3,1,5484,16985,1,0,1,13,13,8,4,8
307,38,0,1,25,0,1,2,3,7,2,1,12061,26707,3,0,1,19,10,8,0,1
308,58,0,1,1,0,4,1,2,4,3,2,5660,17056,2,1,1,12,5,3,1,2
309,31,0,1,5,4,3,3,1,1,4,1,4821,10077,0,1,1,6,5,2,0,3
310,31,0,2,2,5,1,2,2,8,1,1,6410,17822,3,0,0,9,2,2,1,0
311,45,0,1,7,0,1,3,3,2,1,2,5210,20308,1,0,1,24,24,9,9,11
312,31,0,1,2,0,3,3,1,1,4,2,2695,7747,0,1,1,3,2,2,2,2
313,33,0,1,5,0,4,3,3,5,2,1,11878,23364,6,0,2,12,10,6,8,8
314,39,0,1,10,2,3,3,4,5,1,1,17068,5355,1,1,0,21,21,9,11,10
315,43,0,1,10,0,3,3,1,2,4,0,2455,10675,0,0,0,9,8,7,1,7
316,49,0,1,1,4,3,2,4,4,3,0,13964,17810,7,1,0,25,7,1,0,7
317,52,1,1,8,2,3,2,2,1,2,1,4941,17747,2,0,0,11,8,2,7,7
318,27,0,1,5,0,3,3,1,1,2,0,2478,20938,1,1,0,4,4,3,1,2
319,32,0,0,8,4,3,2,2,0,2,1,5228,24624,1,1,0,13,13,12,11,9
320,27,0,0,2,0,4,3,2,0,3,0,4478,5242,1,1,0,5,5,4,0,4
321,31,0,0,7,3,4,3,2,0,4,2,7547,7143,4,0,3,13,7,7,1,7
322,32,0,1,2,2,1,4,2,1,4,0,5055,10557,7,0,0,10,7,7,0,7
323,28,1,1,2,2,1,1,1,1,4,1,3464,24737,5,1,0,5,3,2,2,2
324,30,0,1,28,2,4,3,2,1,4,1,5775,11934,1,0,2,11,10,8,1,9
325,31,0,1,7,0,3,2,3,3,3,1,8943,14034,1,0,1,10,10,9,8,9
326,39,0,1,7,2,3,2,5,5,4,1,19272,21141,1,0,1,21,21,9,13,3
327,39,1,0,3,2,4,3,2,0,3,1,5238,17778,4,1,0,12,1,0,0,0
328,33,0,0,10,3,2,2,2,0,4,0,4682,4317,3,0,0,9,7,7,0,1
329,47,0,1,5,0,4,3,5,7,3,1,18300,16375,4,0,1,21,3,2,1,1
330,43,0,1,10,0,3,2,2,2,3,2,5257,6227,1,0,1,9,9,7,0,0
331,27,0,0,1,3,3,3,2,0,2,1,6349,22107,0,1,1,6,5,4,1,4
332,54,0,1,20,0,4,3,2,1,3,0,4869,16885,3,0,0,20,4,3,0,3
333,43,0,1,7,0,3,3,3,4,1,1,9985,9262,8,0,1,10,1,0,0,0
334,45,0,1,8,1,4,3,2,1,4,1,3697,9278,9,0,2,12,10,9,9,8
335,40,0,0,1,2,2,1,2,0,4,1,7457,13273,2,1,3,6,4,3,0,2
336,29,1,1,8,1,2,1,1,2,1,1,2119,4759,1,1,0,7,7,7,0,7
337,29,0,1,9,1,2,2,1,2,4,0,3983,7621,0,0,0,4,3,2,2,2
338,30,0,0,5,3,4,2,2,0,3,2,6118,5431,1,0,3,10,10,9,1,2
339,27,0,0,8,3,2,3,2,0,2,1,6214,3415,1,0,1,8,8,7,0,7
340,37,0,1,5,2,4,3,2,3,4,2,6347,23177,7,0,2,8,6,2,0,4
341,38,0,1,15,0,3,2,3,7,4,2,11510,15682,0,1,1,12,11,10,2,9
342,31,0,1,7,2,3,3,3,3,4,0,7143,25713,1,1,0,11,11,9,4,10
343,29,0,0,10,3,4,2,2,0,2,2,8268,11866,1,1,2,7,7,7,1,7
344,35,0,1,5,4,3,3,3,3,2,0,8095,18264,0,0,0,17,16,6,0,13
345,23,0,1,26,0,3,3,1,1,4,2,2904,16092,1,0,2,4,4,2,0,2
346,41,0,1,6,2,4,2,2,3,2,0,6032,10110,6,1,0,8,5,4,1,2
347,47,0,0,4,2,2,3,2,6,3,0,2976,25751,3,0,0,5,0,0,0,0
348,42,0,1,23,0,1,3,4,7,4,0,15992,15901,2,0,0,16,1,0,0,0
349,29,0,0,2,0,4,3,2,0,3,1,4649,16928,1,0,1,4,4,3,0,2
350,42,0,2,2,4,3,3,1,8,3,2,2696,24017,0,1,1,4,3,2,1,0
351,32,0,1,2,2,3,3,1,2,2,1,2370,3956,1,0,1,8,8,0,0,7
352,48,0,0,29,2,1,3,3,5,3,1,12504,23978,3,0,1,15,0,0,0,0
353,37,0,1,6,2,3,4,2,1,1,2,5974,17001,4,1,2,13,7,7,6,7
354,30,0,0,25,4,4,3,2,0,3,1,4736,6069,7,1,1,4,2,2,2,2
355,26,0,0,1,0,3,3,2,0,3,1,5296,20156,1,0,1,8,8,7,7,7
356,42,0,1,2,1,1,2,2,4,4,0,6781,17078,3,0,0,14,1,0,0,0
357,21,1,0,1,4,1,2,1,6,2,0,2174,9150,1,1,0,3,3,2,1,2
358,36,0,0,1,2,4,3,2,0,4,0,6653,15276,4,0,0,7,1,0,0,0
359,36,0,0,3,2,1,2,3,0,4,1,9699,7246,4,0,1,16,13,9,1,12
360,57,0,1,1,2,4,3,2,4,3,1,6755,2967,2,0,0,15,3,2,1,2
361,40,0,1,10,0,4,4,1,2,3,1,2213,22495,3,1,1,10,7,7,1,7
362,21,0,0,9,2,1,3,1,6,4,0,2610,2851,1,0,0,3,3,2,2,2
363,33,1,0,5,3,4,3,1,6,3,0,2851,9150,1,1,0,1,1,0,0,0
364,37,0,1,10,2,3,3,1,2,1,1,3452,17663,6,0,1,17,5,4,0,3
365,46,0,1,7,2,3,3,2,3,3,1,5258,16044,2,0,0,7,1,0,0,0
366,41,1,0,4,3,1,3,2,0,2,0,9355,9558,1,0,0,8,8,7,7,7
367,50,0,1,10,4,4,2,3,4,4,0,10496,2755,6,0,0,20,4,3,1,3
368,40,1,0,22,3,3,2,2,0,3,1,6380,6110,2,1,2,8,6,4,1,0
369,31,0,1,9,0,3,2,1,1,2,0,2657,7551,0,1,0,3,2,2,2,2
370,21,1,0,12,0,3,4,1,6,2,0,2716,25422,1,0,0,1,1,0,0,0
371,29,0,1,23,0,4,3,1,1,4,0,2201,18168,9,0,0,6,3,2,1,2
372,35,0,1,9,0,3,2,2,4,2,0,6540,19394,9,0,0,10,1,1,0,0
373,27,0,1,1,2,4,3,1,2,2,2,3816,17881,1,0,1,5,5,2,0,4
374,28,0,0,9,0,2,3,2,0,4,0,5253,20750,1,0,0,7,7,5,0,7
375,49,0,1,7,1,2,2,3,4,3,0,10965,12066,8,0,0,26,5,2,0,0
376,51,0,0,14,0,3,3,2,0,4,1,4936,14862,4,0,1,18,7,7,0,7
377,36,0,1,2,0,4,3,1,1,3,1,2543,11868,4,0,1,6,2,2,2,2
378,34,1,0,19,3,1,4,2,0,4,0,5304,4652,8,1,0,9,5,2,0,4
379,55,0,1,2,0,3,3,4,5,4,0,16659,23258,2,1,0,30,5,4,1,2
380,24,0,0,10,3,4,3,2,0,3,2,4260,5915,1,1,1,5,5,2,0,3
381,30,0,0,2,4,3,3,1,6,2,1,2476,17434,1,0,1,1,1,0,0,0
382,26,1,1,3,4,3,3,1,1,1,0,3102,6582,0,0,0,7,6,4,0,4
383,22,0,1,11,2,1,3,1,1,2,1,2244,24440,1,0,1,2,2,1,1,2
384,36,0,0,2,2,2,2,3,0,3,1,7596,3809,1,0,2,10,10,9,9,0
385,30,1,1,4,4,3,3,1,1,4,0,2285,3427,9,1,0,3,1,0,0,0
386,37,0,1,14,0,4,3,1,2,1,2,3034,26914,1,0,1,18,18,7,12,17
387,40,0,0,2,3,4,3,2,0,2,2,5715,22553,7,0,2,8,5,4,1,3
388,42,0,1,1,0,2,3,1,2,1,2,2576,20490,3,0,1,8,5,2,1,2
389,37,0,1,10,0,3,3,2,3,2,0,4197,21123,2,1,0,18,1,0,0,1
390,43,0,1,12,0,1,2,4,7,2,2,14336,4345,1,0,1,25,25,10,3,9
391,40,0,1,2,2,2,2,2,2,3,1,3448,13436,6,0,1,20,1,0,0,0
392,54,0,1,5,2,1,3,5,7,1,1,19406,8509,4,0,1,24,4,2,1,2
393,34,0,0,4,3,3,3,2,0,3,1,6538,12740,9,0,1,6,3,2,1,2
394,31,0,1,7,2,2,3,2,3,1,1,4306,4156,1,0,1,13,13,10,3,12
395,43,0,1,21,2,4,3,1,2,4,1,2258,15238,7,0,1,8,3,2,1,2
396,43,0,1,8,1,3,3,2,4,3,2,4522,2227,4,1,0,8,5,2,0,2
397,25,0,0,4,0,2,2,2,0,4,0,4487,12090,1,1,0,5,5,4,1,3
398,37,0,1,25,2,2,3,2,1,3,1,4449,23866,3,1,2,15,13,11,10,7
399,31,0,1,1,0,4,2,1,2,1,1,2218,16193,1,0,1,4,4,2,3,2
400,39,0,1,1,0,2,3,5,5,3,2,19197,8213,1,1,1,21,21,8,1,6
401,56,0,0,6,0,3,4,4,0,1,1,13212,18256,9,0,3,36,7,7,7,7
402,30,0,0,12,4,2,3,2,0,3,0,6577,19558,0,0,0,6,5,4,4,4
403,41,0,0,1,3,2,4,3,0,1,1,8392,19566,1,0,1,10,10,7,0,7
404,28,0,1,17,2,3,3,2,2,1,2,4558,13535,1,0,1,10,10,0,1,8
405,25,1,1,3,2,1,3,1,2,1,1,4031,9396,5,0,1,6,2,2,0,2
406,52,0,1,3,2,4,2,3,3,3,1,7969,19609,2,1,0,28,5,4,0,4
407,45,0,1,10,0,1,3,1,1,4,1,2654,9655,3,0,2,8,2,2,0,2
408,52,0,1,4,0,4,3,4,5,4,1,16555,10310,2,0,0,31,5,2,1,4
409,42,0,1,29,0,1,3,2,1,3,2,4556,12932,2,0,1,19,5,4,0,2
410,30,0,1,2,0,3,1,2,3,4,0,6091,24793,2,0,0,11,5,4,0,2
411,60,0,1,7,0,1,3,5,5,1,1,19566,3854,5,0,0,33,29,8,11,10
412,46,0,1,18,2,3,3,2,3,3,2,4810,26314,2,0,1,19,10,7,0,8
413,42,0,1,28,4,4,2,2,4,4,1,4523,4386,0,0,3,7,6,5,0,4
414,24,1,0,1,4,1,3,1,6,2,0,3202,21972,1,1,0,6,5,3,1,4
415,34,1,0,6,3,4,1,1,6,3,2,2351,12253,0,0,1,3,2,2,1,0
416,38,0,1,2,0,4,3,1,2,4,1,1702,12106,1,1,1,1,1,0,0,0
417,40,0,0,2,0,3,3,5,5,3,1,18041,13022,0,0,0,21,20,15,1,12
418,26,0,1,23,0,1,3,1,1,4,2,2886,3032,1,0,2,3,3,2,0,2
419,30,0,1,3,0,3,3,1,2,4,1,2097,16734,4,0,1,9,5,3,1,4
420,29,0,1,3,2,2,2,3,7,3,1,11935,21526,1,0,0,10,10,2,0,7
421,29,1,1,25,4,3,2,1,1,2,1,2546,18300,5,0,0,6,2,2,1,1
422,19,1,2,2,4,1,2,1,8,4,0,2564,18437,1,0,0,1,1,0,0,0
423,30,0,0,22,1,3,3,3,0,1,1,8412,2890,0,0,0,10,9,8,7,8
424,57,0,0,29,3,1,2,4,5,4,2,14118,22102,3,0,1,32,1,0,0,0
425,50,0,1,29,0,2,2,4,5,3,1,17046,9314,0,0,1,28,27,10,15,7
426,30,0,1,2,2,3,3,1,2,4,0,2564,7181,0,0,0,12,11,7,6,7
427,60,0,0,28,3,3,2,3,0,1,1,10266,2845,4,0,0,22,18,13,13,11
428,47,0,1,2,2,1,3,2,3,4,2,5070,7389,5,0,3,20,5,0,0,4
429,46,0,1,2,0,1,3,4,7,3,1,17861,2288,6,0,0,26,3,2,0,1
430,35,0,1,22,0,4,1,1,2,3,0,4230,19225,0,0,0,6,5,4,4,3
431,54,0,1,8,0,3,3,2,2,3,0,3780,23428,7,0,0,19,1,0,0,0
432,34,0,1,2,0,4,2,1,1,3,2,2768,8416,3,0,1,14,7,3,5,7
433,46,0,0,10,3,3,2,3,0,4,1,9071,11563,2,1,1,15,3,2,1,2
434,31,0,1,9,0,3,3,3,3,2,2,10648,14394,1,0,1,13,13,8,0,8
435,33,1,1,15,2,2,3,3,5,3,1,13610,24619,7,1,0,15,7,6,7,7
436,33,1,1,10,2,1,1,1,2,4,2,3408,6705,7,0,3,8,4,3,1,3
437,30,0,0,7,3,4,3,1,6,2,0,2983,18398,0,0,0,4,3,2,1,2
438,35,0,1,16,0,4,3,3,4,3,1,7632,14295,4,1,0,10,8,7,0,0
439,31,1,1,20,0,1,3,3,4,3,1,9824,22908,3,0,0,12,1,0,0,0
440,34,1,2,23,5,2,3,3,8,1,2,9950,11533,9,1,3,11,3,2,0,2
441,42,0,1,5,1,2,3,1,2,3,1,2093,9260,4,0,1,8,2,2,2,0
442,36,0,0,10,2,2,3,3,0,4,0,9980,15318,1,0,0,10,10,3,9,7
443,22,1,1,4,4,3,2,1,2,3,0,3894,9129,5,0,0,4,2,2,1,2
444,48,0,0,2,3,2,3,2,0,4,1,4051,19658,2,0,1,14,9,7,6,7
445,55,0,0,18,0,1,3,4,5,2,0,16835,9873,3,0,0,37,10,9,7,7
446,41,0,0,10,0,4,3,2,0,4,0,6230,13430,7,0,0,16,14,3,1,10
447,35,0,0,1,3,2,3,2,0,3,1,4717,18659,9,0,0,15,11,9,6,9
448,40,0,1,6,0,2,3,4,3,3,0,13237,20364,7,0,0,22,20,6,5,13
449,39,0,1,8,0,3,3,1,2,3,1,3755,17872,1,0,1,8,8,3,0,7
450,31,0,0,2,0,2,3,2,0,4,0,6582,8346,4,1,0,10,6,5,0,5
451,42,0,1,24,2,4,3,3,3,1,1,7406,6950,1,1,1,10,10,9,5,8
452,45,0,0,2,1,4,3,2,0,2,1,4805,16177,0,0,1,9,8,7,3,7
453,26,1,2,17,0,2,3,1,8,3,2,2741,22808,0,1,1,8,7,7,1,0
454,29,0,1,19,4,4,3,2,3,4,2,4262,22645,4,0,2,8,3,2,1,2
455,33,0,1,1,2,1,4,4,7,3,2,16184,22578,4,0,1,10,6,1,0,5
456,31,0,0,7,0,3,2,3,5,4,2,11557,25291,9,0,1,10,5,4,0,1
457,18,1,0,5,3,2,3,1,6,2,0,1878,8059,1,1,0,0,0,0,0,0
458,40,0,0,28,1,3,1,3,0,1,2,10932,11373,3,0,1,20,1,0,0,1
459,41,0,1,2,1,1,2,2,4,3,0,6811,2112,2,1,0,10,8,7,0,7
460,26,0,0,29,2,1,3,2,0,3,2,4306,4267,5,0,2,8,0,0,0,0
461,35,0,0,1,2,1,3,2,0,3,0,4859,6698,1,0,0,5,5,4,0,3
462,34,0,0,21,0,4,4,2,0,4,0,5337,19921,1,0,0,10,10,7,5,7
463,26,1,1,24,4,3,1,1,2,4,0,2340,23213,1,1,0,1,1,0,0,0
464,37,0,1,1,4,2,3,3,3,4,0,7491,23848,4,0,0,12,6,5,1,2
465,46,0,1,18,2,1,3,3,4,3,1,10527,8984,5,0,0,28,2,2,1,2
466,41,0,0,2,0,2,3,4,5,1,1,16595,5626,7,0,1,22,18,16,11,8
467,37,0,0,9,2,1,3,3,0,2,2,8834,24666,1,0,1,9,9,5,7,7
468,52,0,1,6,4,4,3,2,1,1,2,5577,22087,3,1,2,18,10,9,6,9
469,32,1,0,11,1,4,4,2,0,3,1,4707,23914,8,0,0,6,4,2,1,2
470,24,0,0,24,2,4,3,1,6,4,1,2400,5530,0,0,2,3,2,2,2,1
471,38,0,1,10,2,3,3,2,4,3,1,9824,22174,3,0,1,18,1,0,0,0
472,37,0,1,1,0,2,3,2,3,2,1,6447,15701,6,0,1,8,6,5,4,3
473,49,0,1,18,0,4,2,5,7,3,2,19502,2125,1,1,1,31,31,9,0,9
474,24,0,1,23,2,2,4,1,1,4,1,2725,21630,1,1,2,6,6,5,1,4
475,26,0,0,28,3,1,3,2,0,2,1,6272,7428,1,0,2,6,5,3,1,4
476,24,0,1,17,1,4,2,1,2,2,1,2127,9100,1,0,1,1,1,0,0,0
477,50,0,2,3,2,1,3,5,5,2,1,18200,7999,1,0,1,32,32,5,10,7
478,25,0,0,13,2,2,3,1,6,3,1,2096,26376,1,0,0,7,7,4,0,6
479,24,1,1,7,0,1,3,1,2,3,1,2886,14168,1,1,1,6,6,3,1,2
480,30,1,0,12,0,2,2,1,6,1,1,2033,14470,1,0,1,1,1,0,0,0
481,34,0,1,1,0,2,2,1,1,4,1,3622,22794,1,1,1,6,6,5,1,3
482,31,1,0,13,2,2,3,2,0,1,2,4233,11512,2,0,0,9,3,1,1,2
483,35,0,1,25,1,1,2,2,2,4,0,3681,14004,4,0,0,9,3,2,0,2
484,31,0,0,6,2,1,4,2,0,4,2,5460,6219,4,0,2,13,7,7,5,7
485,27,0,1,6,2,1,2,1,1,3,2,2187,5013,0,0,2,6,5,3,0,3
486,37,0,0,2,3,4,3,2,0,3,1,9602,3010,4,1,1,17,3,0,1,0
487,20,0,1,1,0,4,2,1,1,2,0,2836,11757,1,0,0,1,1,0,0,0
488,42,0,1,2,0,3,3,2,4,4,1,4089,5718,1,0,2,10,10,2,2,2
489,43,0,1,6,1,2,2,4,7,4,2,16627,2671,4,1,1,21,1,0,0,0
490,38,0,1,1,0,3,3,1,1,1,0,2619,14561,3,0,0,8,0,0,0,0
491,43,0,1,9,2,4,3,2,2,3,2,5679,19627,3,1,1,10,8,7,4,7
492,48,0,1,1,0,4,2,4,5,1,1,15402,17997,7,0,1,21,3,2,0,2
493,44,0,2,1,0,1,2,2,8,3,0,5985,26894,4,0,0,10,2,2,0,2
494,34,0,0,14,4,3,3,1,6,3,2,2579,2912,1,1,2,8,8,2,0,6
495,27,1,0,2,3,3,3,1,6,1,2,3041,16346,0,0,1,5,4,3,0,2
496,21,0,0,22,4,3,3,1,6,3,0,3447,24444,1,0,0,3,3,2,1,2
497,44,0,1,3,1,4,3,5,5,4,1,19513,9358,4,1,1,26,2,2,0,1
498,22,0,1,6,2,1,3,1,1,3,1,2773,12145,0,0,0,3,2,2,2,2
499,33,0,0,8,3,3,3,2,0,3,2,7104,20431,0,0,0,6,5,0,1,2
500,32,0,1,9,0,1,3,2,1,4,1,6322,18089,1,1,1,6,6,4,0,5
501,30,0,1,3,2,3,3,1,1,3,2,2083,22653,1,0,1,1,1,0,0,0
502,53,0,0,1,2,4,3,2,0,1,0,8381,7507,7,0,0,18,14,7,8,10
503,34,0,1,1,0,2,3,1,1,4,1,2691,7660,1,0,1,10,10,9,8,8
504,45,1,0,26,0,1,3,2,0,1,1,4286,5630,2,0,2,5,1,1,0,0
505,26,0,1,6,0,3,3,1,2,4,1,2659,17759,1,1,1,3,3,2,0,2
506,37,0,1,3,1,3,3,3,3,3,1,9434,9606,1,0,1,10,10,7,7,8
507,29,0,0,3,2,2,3,2,0,3,1,5561,3487,1,0,1,6,6,0,1,2
508,35,0,1,6,0,2,1,2,1,4,0,6646,19368,1,0,0,17,17,11,11,8
509,33,0,1,6,0,3,3,2,4,4,2,7725,5335,3,0,1,15,13,11,4,7
510,54,0,2,19,2,3,3,3,8,2,1,10725,6729,2,0,1,16,9,7,7,1
511,36,0,1,9,2,2,2,2,3,2,2,8847,13934,2,1,1,13,3,2,0,2
512,27,0,1,3,2,1,2,1,1,4,0,2045,15174,0,0,0,5,4,2,1,1
513,20,1,1,10,2,4,3,1,1,3,0,1009,26999,1,1,0,1,1,0,1,1
514,33,1,1,3,0,1,3,1,1,1,0,3348,3164,1,1,0,10,10,8,9,7
515,35,0,1,3,0,3,2,1,2,3,1,1281,16900,1,0,2,1,1,0,0,0
516,23,0,1,4,2,1,4,1,1,1,1,2819,8544,2,0,1,5,3,2,0,2
517,25,0,0,8,0,4,4,2,0,2,1,4851,15678,0,0,1,4,3,2,1,2
518,38,0,0,7,3,4,2,2,0,4,0,4028,7791,0,0,0,8,7,7,0,5
519,29,0,1,1,0,2,1,1,1,4,2,2720,18959,1,0,1,10,10,7,2,8
520,48,0,0,2,3,2,4,2,0,2,1,8120,18597,3,0,0,12,2,2,2,2
521,27,0,0,3,2,4,4,2,0,4,2,4647,16673,1,1,2,6,6,5,0,4
522,37,0,1,10,0,4,4,1,1,4,0,4680,15232,3,0,0,4,1,0,0,0
523,50,0,1,28,2,4,4,1,2,3,1,3221,3297,1,1,3,20,20,8,3,8
524,34,0,1,9,2,4,2,3,4,2,0,8621,17654,1,0,0,9,8,7,7,7
525,24,1,0,3,0,1,3,2,0,3,0,4577,24785,9,0,0,4,2,2,2,0
526,39,0,1,2,4,4,2,2,4,3,0,4553,20978,1,0,0,20,20,7,11,10
527,32,0,0,10,3,4,3,2,0,4,0,5396,21703,1,0,0,10,10,7,0,8
528,50,1,0,8,4,2,3,2,0,3,1,6796,23452,3,1,1,18,4,3,1,3
529,38,0,1,1,0,2,4,2,4,4,0,7625,19383,0,0,0,10,9,7,1,8
530,27,0,1,1,0,3,3,3,3,1,1,7412,6009,1,0,0,9,9,7,0,7
531,32,0,1,3,0,3,3,3,7,4,0,11159,19373,3,0,0,10,7,7,7,7
532,47,0,0,14,3,4,3,2,0,1,0,4960,11825,2,0,0,20,7,7,1,7
533,40,0,0,5,0,4,2,3,0,1,1,10475,23772,5,1,1,20,18,13,1,12
534,53,0,1,7,0,3,4,4,7,3,1,14814,13514,3,0,0,32,5,1,1,3
535,41,0,2,10,5,2,2,5,5,4,2,19141,8861,3,0,3,23,21,6,12,6
536,60,0,0,16,3,1,3,2,0,1,0,5405,11924,8,0,0,10,2,2,2,2
537,27,0,1,10,0,4,3,3,3,1,2,8793,4809,1,0,2,9,9,7,1,7
538,41,0,2,1,5,4,2,5,5,3,1,19189,19562,1,0,1,22,22,7,2,10
539,50,0,0,8,3,4,3,1,6,2,1,3875,9983,7,0,1,4,2,2,2,2
540,28,1,1,1,0,1,1,1,1,2,0,2216,3872,7,1,0,10,7,7,3,7
541,36,0,1,8,0,1,4,3,7,1,1,11713,20335,9,0,1,10,8,7,0,5
542,38,0,1,1,0,3,3,3,3,3,0,7861,15397,4,1,0,10,1,0,0,0
543,44,0,1,24,2,1,1,1,2,3,0,3708,2104,2,0,0,9,5,2,1,4
544,47,0,0,3,2,4,3,4,0,3,2,13770,10225,9,1,2,28,22,2,11,13
545,30,0,0,27,3,3,3,2,0,4,2,5304,25275,7,0,1,10,8,7,7,7
546,29,0,0,10,0,3,3,1,6,3,0,2642,2755,1,0,0,1,1,0,0,0
547,42,1,1,19,2,3,4,1,1,3,2,2759,20366,6,1,0,7,2,2,2,2
548,43,0,0,15,0,4,2,2,0,4,1,6804,23683,3,0,1,7,2,2,2,2
549,34,0,1,8,2,2,3,2,4,3,0,6142,7360,3,0,0,10,5,1,4,3
550,23,0,1,9,2,2,3,1,2,1,1,2500,4344,1,0,1,5,4,3,0,2
551,39,0,2,3,5,3,4,2,8,2,1,6389,18767,9,0,1,12,8,3,3,6
552,56,0,1,9,2,3,3,4,4,4,1,11103,20420,7,0,0,30,10,7,1,1
553,40,0,1,2,2,4,2,1,1,4,0,2342,22929,0,1,0,5,4,2,2,3
554,27,0,1,7,2,4,2,2,4,1,0,6811,23398,8,0,0,9,7,6,0,7
555,29,0,0,10,3,4,3,1,6,2,2,2297,17967,1,0,2,2,2,2,2,2
556,53,0,1,6,0,4,3,2,2,4,0,2450,10919,2,0,0,19,2,2,2,2
557,35,0,1,2,0,4,3,2,4,1,2,5093,4761,2,0,1,16,1,0,0,0
558,32,0,1,24,0,1,3,2,2,4,1,5309,21146,1,0,2,10,10,8,4,7
559,38,0,1,2,2,4,3,1,1,3,1,3057,20471,6,1,1,6,1,0,0,1
560,34,0,1,8,0,2,3,2,3,1,2,5121,4187,3,0,1,7,0,0,0,0
561,52,0,0,3,3,3,2,4,5,1,1,16856,10084,1,0,0,34,34,6,1,16
562,33,1,1,1,1,4,3,1,1,4,0,2686,5207,1,1,0,10,10,9,7,8
563,25,0,0,26,2,3,3,2,0,4,0,6180,22807,1,0,0,6,6,5,1,4
564,45,0,0,2,4,2,1,2,6,3,0,6632,12388,0,0,0,9,8,7,3,1
565,23,0,1,10,2,1,4,1,1,3,0,3505,19630,1,0,0,2,2,2,0,2
566,47,1,0,27,0,2,4,2,0,3,0,6397,10339,4,1,0,8,5,4,1,3
567,34,0,0,2,1,4,3,2,0,4,0,6274,18686,1,0,0,6,6,5,1,4
568,55,1,1,2,2,4,3,5,5,1,1,19859,21199,5,1,1,24,5,2,1,4
569,36,0,0,8,0,1,2,3,0,1,0,7587,14229,1,0,0,10,10,7,0,9
570,52,0,1,19,2,4,3,1,1,4,1,4258,26589,0,0,1,5,4,3,1,2
571,26,0,1,1,0,1,1,1,2,4,2,4364,5288,3,0,1,5,2,2,2,0
572,29,0,1,27,2,2,3,2,4,3,1,4335,25549,4,0,1,11,8,7,1,1
573,26,1,0,8,4,4,2,2,0,1,0,5326,3064,6,0,0,6,4,3,1,2
574,34,0,1,1,0,2,4,1,1,4,0,3280,13551,2,0,0,10,4,2,1,3
575,54,0,1,19,2,4,3,2,3,1,2,5485,22670,9,1,2,9,5,3,1,4
576,27,0,0,8,3,3,3,2,0,4,1,4342,24008,0,0,1,5,4,2,1,1
577,37,0,1,10,0,4,3,1,1,1,2,2782,19905,0,1,2,6,5,3,4,3
578,38,0,1,2,0,1,4,2,3,1,0,5980,26085,6,1,0,17,15,7,4,12
579,34,0,1,2,2,3,2,1,1,1,0,4381,7530,1,0,0,6,6,5,1,3
580,35,0,0,8,0,1,3,1,6,4,1,2572,20317,1,0,1,3,3,2,0,2
581,30,0,1,1,0,4,1,1,2,3,1,3833,24375,3,0,2,7,2,2,0,2
582,40,0,1,2,2,3,4,2,4,2,1,4244,9931,1,0,1,8,8,7,3,7
583,34,0,0,8,0,3,3,2,0,1,1,6500,13305,5,0,1,6,3,2,1,2
584,42,0,1,8,0,2,3,5,5,4,2,18430,16225,1,0,1,24,24,7,14,9
585,23,1,1,6,0,3,4,1,2,1,1,1601,3445,1,1,2,1,0,0,0,0
586,24,0,1,9,0,3,2,1,2,2,2,2694,26551,1,0,3,1,1,0,0,0
587,52,0,1,11,0,4,3,2,2,3,1,3149,21821,8,0,1,9,5,2,1,4
588,50,0,1,2,2,3,3,4,7,3,1,17639,6881,5,0,0,30,4,3,0,3
589,29,1,1,1,0,2,2,1,2,1,1,2319,6689,1,1,1,1,1,0,0,0
590,33,0,1,7,2,3,3,3,7,3,1,11691,25995,0,0,0,14,13,9,3,7
591,33,1,0,16,3,1,3,2,0,1,0,5324,26507,5,0,0,6,3,2,0,2
592,47,0,1,2,1,3,3,4,5,4,1,16752,12982,1,1,1,26,26,14,3,0
593,36,0,1,1,1,3,3,2,3,2,1,5228,23361,0,0,1,10,9,7,0,5
594,29,0,1,23,0,3,4,1,1,3,1,2700,23779,1,0,1,10,10,7,0,7
595,58,1,1,2,0,4,3,5,7,2,0,19246,25761,7,1,0,40,31,15,13,8
596,35,0,1,1,0,4,4,1,1,3,0,2506,13301,3,0,0,7,2,2,2,2
597,42,0,1,1,0,4,2,2,3,4,1,6062,4051,9,1,1,8,4,3,0,2
598,28,1,1,2,2,3,3,1,1,3,0,4382,16374,6,0,0,5,2,2,2,1
599,36,0,2,13,5,3,3,1,8,2,1,2143,25527,4,0,1,8,5,2,0,4
600,32,0,1,4,0,3,2,2,3,3,1,6162,19124,1,0,1,14,14,13,6,8
601,40,0,1,16,2,1,2,2,2,3,0,5094,11983,6,0,0,10,1,0,0,0
602,30,0,1,2,2,3,2,2,3,4,0,6877,20234,5,1,0,12,0,0,0,0
603,45,0,1,2,0,2,2,1,1,3,0,2274,6153,1,0,0,1,1,0,0,0
604,42,0,1,29,0,2,3,2,3,2,1,4434,11806,1,0,1,10,9,8,7,8
605,38,0,1,12,0,1,2,2,4,1,2,6288,4284,2,0,1,13,4,3,1,2
606,34,0,1,16,0,3,2,1,1,4,0,2553,8306,1,0,0,6,5,2,1,3
607,49,1,0,11,3,3,3,3,0,4,1,7654,5860,1,0,2,9,9,8,7,7
608,55,1,0,2,2,3,3,2,0,4,0,5160,21519,4,0,0,12,9,7,7,3
609,43,0,1,14,0,2,3,4,7,1,1,17159,5200,6,0,1,22,4,1,1,0
610,27,0,1,5,4,3,2,3,7,4,2,12808,8842,1,1,1,9,9,8,0,8
611,35,0,1,7,1,3,3,3,3,3,0,10221,18869,3,0,0,17,8,5,1,6
612,28,0,0,2,3,2,3,2,0,2,1,4779,3698,1,1,0,8,8,7,7,5
613,34,0,2,3,5,3,3,1,8,4,1,3737,2243,0,0,1,4,3,2,0,2
614,26,1,1,5,2,3,2,1,1,3,1,2366,20898,1,1,1,8,8,7,1,7
615,27,0,1,3,2,4,3,1,1,4,1,1706,16571,1,0,3,0,0,0,0,0
616,51,0,0,26,3,1,3,4,5,3,1,16307,5594,2,0,1,29,20,6,4,17
617,44,0,1,4,2,4,3,2,4,2,0,5933,5197,9,0,0,10,5,2,2,3
618,25,0,1,2,2,1,4,1,1,1,0,3424,21632,7,0,0,6,4,3,0,1
619,33,0,0,1,2,1,4,2,0,1,2,4037,21816,1,0,1,9,9,8,0,8
620,35,0,1,27,2,3,2,1,1,1,0,2559,17852,1,0,0,6,6,5,1,1
621,36,0,0,1,0,2,3,2,0,4,1,6201,2823,1,1,1,18,18,14,4,11
622,32,0,0,13,0,2,3,2,0,4,2,4403,9250,2,0,1,8,5,2,0,3
623,30,0,1,5,0,2,2,1,1,4,2,3761,2373,9,0,1,10,5,4,0,3
624,53,0,0,7,3,1,2,3,0,4,1,10934,20715,7,1,1,35,5,2,0,4
625,45,0,0,9,3,4,3,3,0,1,2,10761,19239,4,1,1,18,5,4,0,2
626,32,0,1,8,2,3,4,2,1,3,1,5175,22162,5,0,1,9,5,3,1,3
627,52,0,1,25,2,3,2,4,3,4,1,13826,19028,3,0,0,31,9,8,0,0
628,37,0,0,16,3,4,2,2,0,3,2,6334,24558,4,0,2,9,1,0,0,0
629,28,0,2,8,2,2,2,1,8,4,2,4936,23965,1,0,1,6,5,1,0,4
630,22,0,1,1,0,4,2,2,3,4,1,4775,19146,6,0,2,4,2,2,2,2
631,44,0,1,8,0,1,4,1,2,4,1,2818,5044,2,1,1,10,3,2,0,2
632,42,0,1,2,2,2,3,1,1,4,0,2515,9068,5,1,0,8,2,1,2,2
633,36,0,2,8,0,1,2,1,8,1,1,2342,8635,0,0,0,6,5,4,0,3
634,25,0,0,3,1,3,3,2,0,1,1,4194,14363,1,1,0,5,5,3,0,3
635,35,0,1,9,0,4,2,3,3,3,1,10685,23457,1,1,1,17,17,14,5,15
636,35,1,1,25,0,4,3,1,1,2,2,2022,16612,1,1,1,10,10,2,7,8
637,32,0,1,1,0,4,3,1,2,4,2,2314,9148,0,0,1,4,3,0,0,2
638,25,0,0,4,3,3,2,2,0,1,1,4256,18154,1,0,0,5,5,2,0,3
639,49,0,1,1,4,3,3,1,1,1,1,3580,10554,2,0,1,7,4,2,0,2
640,24,0,1,4,0,1,2,1,2,4,1,3162,10778,0,0,0,6,5,2,3,4
641,32,0,0,5,0,2,3,2,0,2,1,6524,8891,1,0,1,10,10,8,5,3
642,38,0,0,9,3,2,2,1,6,2,1,2899,12102,0,0,1,3,2,2,1,2
643,42,0,1,3,0,3,4,2,2,4,1,5231,23726,2,1,1,17,5,3,1,3
644,31,0,1,11,0,4,3,1,1,4,1,2356,14871,3,1,1,8,6,4,0,2
645,29,1,0,1,2,2,2,1,6,3,2,2800,23522,6,1,3,5,3,2,0,2
646,53,0,0,8,3,1,3,4,0,4,1,11836,22789,5,0,1,28,2,0,2,2
647,35,0,1,25,4,4,2,3,3,2,1,10903,9129,3,0,0,16,13,10,4,8
648,37,0,0,21,2,3,3,1,6,4,1,2973,21222,5,0,1,10,5,4,0,0
649,53,0,1,23,0,4,3,4,7,4,0,14275,20206,6,0,0,33,12,9,3,8
650,43,0,1,1,0,4,3,2,4,4,1,5562,21782,4,0,1,12,5,2,2,2
651,47,0,0,2,3,3,3,2,0,4,1,4537,17783,0,1,1,8,7,6,7,7
652,37,0,0,19,2,1,3,3,0,2,0,7642,4814,1,1,0,10,10,0,0,9
653,50,0,1,2,0,1,3,4,5,1,2,17924,4544,1,0,1,31,31,6,14,7
654,39,0,2,2,0,4,2,2,8,4,1,5204,7790,8,0,2,13,5,4,0,4
655,33,0,2,3,5,4,3,1,8,2,2,2277,22650,3,1,1,7,4,3,0,3
656,32,1,1,25,0,1,3,1,2,4,0,2795,18016,1,1,0,1,1,0,0,1
657,29,0,1,7,2,1,2,1,2,4,2,2532,6054,6,0,3,8,4,3,0,3
658,44,0,1,9,0,2,3,1,1,1,1,2559,7508,1,1,0,8,8,7,7,1
659,28,0,0,5,2,1,3,2,0,4,0,4908,24252,1,0,0,4,4,2,0,2
660,58,1,1,2,0,4,2,1,2,4,2,2380,13384,9,1,1,3,1,0,0,0
661,43,0,1,8,0,1,3,2,3,2,2,4765,23814,4,0,1,4,1,0,0,0
662,20,1,0,2,2,3,2,1,6,3,0,2044,22052,1,0,0,2,2,2,0,2
663,21,1,1,18,1,4,3,1,1,4,0,2693,8870,1,0,0,1,1,0,0,0
664,36,0,1,14,0,3,3,2,4,4,1,6586,4821,0,1,1,17,16,8,4,11
665,47,0,0,2,0,4,2,1,6,4,0,3294,13137,1,1,0,3,3,2,1,2
666,22,1,1,3,0,2,3,2,3,3,1,4171,10022,0,1,1,4,3,2,0,2
667,41,1,1,2,0,2,1,1,2,4,2,2778,17725,4,1,1,10,7,7,1,0
668,28,0,1,9,2,3,3,1,1,3,2,2377,9834,5,0,1,6,2,2,2,2
669,39,1,1,6,2,4,3,1,2,1,1,2404,4303,7,1,0,8,2,2,2,2
670,27,0,1,4,0,2,3,1,1,3,0,2318,17808,1,0,0,1,1,1,0,0
671,34,0,1,10,0,2,3,1,2,2,2,2008,6896,1,0,2,1,1,0,1,0
672,42,0,0,14,2,3,2,2,0,3,0,6244,7824,7,0,0,10,5,4,0,3
673,33,0,1,1,1,3,2,1,1,1,0,2799,3339,3,1,0,6,3,2,0,2
674,58,0,1,5,4,3,2,3,4,2,2,10552,9255,2,1,1,24,6,0,0,4
675,31,0,0,7,0,2,2,1,6,3,1,2329,11737,3,0,0,13,7,7,5,2
676,35,0,1,21,0,4,3,2,4,4,1,4014,19170,1,1,1,10,10,6,0,7
677,49,0,1,8,1,1,3,3,2,2,1,7403,22477,4,0,1,29,26,9,1,7
678,48,0,1,20,2,4,3,1,1,3,1,2259,5543,4,0,2,13,0,0,0,0
679,31,0,0,20,3,4,3,2,0,3,1,6932,24406,1,0,1,9,9,8,0,0
680,36,0,1,7,1,2,3,1,1,4,0,4678,23293,2,0,0,8,6,2,0,1
681,38,0,1,1,4,4,3,3,7,1,1,13582,16292,1,0,1,15,15,12,5,11
682,32,0,1,1,0,3,2,1,2,2,1,2332,3974,6,0,0,5,3,0,0,2
683,25,1,0,19,3,3,2,1,6,2,1,2413,18798,1,1,3,1,1,0,0,0
684,40,0,0,10,3,1,2,3,0,2,2,9705,20652,2,0,1,11,1,0,0,0
685,26,0,0,1,2,3,2,2,0,1,0,4294,11148,1,0,0,7,7,7,0,7
686,41,0,1,6,2,4,3,1,2,1,0,4721,3119,2,1,0,20,18,13,2,17
687,36,0,1,2,2,3,3,1,2,3,0,2519,12287,4,0,0,16,11,8,3,9
688,19,1,0,21,1,4,2,1,6,2,0,2121,9947,1,1,0,1,1,0,0,0
689,20,1,1,4,4,1,3,1,2,1,0,2973,13008,1,0,0,1,1,0,0,0
690,31,0,1,12,2,4,3,2,4,4,1,5855,17369,0,1,2,10,9,7,8,5
691,40,0,1,9,2,4,3,1,1,2,2,3617,25063,8,1,1,3,1,1,0,0
692,32,0,1,3,2,3,3,2,3,1,1,6725,13554,1,0,1,8,8,7,6,3
693,36,1,0,3,0,3,2,3,0,4,1,10325,5518,1,1,1,16,16,7,3,7
694,33,0,1,1,0,2,2,2,4,4,0,6949,12291,0,0,0,6,5,0,1,4
695,37,1,0,1,0,1,2,3,0,3,1,10609,14922,5,0,0,17,14,1,11,7
696,45,0,1,4,0,3,3,2,2,2,1,4447,23163,1,0,0,9,9,7,0,8
697,29,0,0,20,4,3,3,1,6,4,1,2157,18203,1,0,1,3,3,1,0,2
698,35,0,0,18,2,3,3,2,0,3,1,4601,6179,1,0,0,5,5,2,1,0
699,52,0,1,1,0,4,3,4,5,4,1,17099,13829,2,0,1,26,9,8,7,8
700,58,1,1,2,4,4,3,1,1,3,0,2479,26227,4,0,0,7,1,0,0,0
701,53,0,0,2,2,3,3,4,5,3,2,14852,13938,6,0,1,22,17,13,15,2
702,30,0,0,8,1,3,3,3,0,3,2,7264,9977,5,0,1,10,8,4,7,7
703,38,0,0,10,4,3,3,2,0,4,0,5666,19899,1,1,0,6,5,3,1,3
704,35,0,0,3,0,4,3,3,0,4,2,7823,6812,6,0,1,12,10,9,0,8
705,39,0,0,2,0,1,4,3,0,3,0,7880,2560,0,0,0,9,8,7,0,7
706,40,1,0,24,0,2,4,4,0,2,0,13194,17071,4,1,0,22,1,0,0,0
707,47,0,1,16,2,3,4,2,3,3,2,5067,6759,1,1,0,20,19,10,2,7
708,36,0,0,8,4,1,3,2,0,4,2,5079,25952,4,0,2,12,7,7,0,7
709,31,1,1,9,2,3,2,1,1,1,0,2321,10322,0,1,0,4,3,2,1,2
710,33,0,0,17,0,4,3,4,5,3,0,17444,20489,1,0,0,10,10,8,6,0
711,29,1,1,10,0,4,2,1,1,1,0,2404,11479,6,1,0,3,0,0,0,0
712,33,0,1,13,0,2,3,1,1,4,0,3452,17241,3,0,0,5,3,2,0,2
713,45,0,1,1,2,4,3,1,2,4,2,2270,11005,3,0,2,8,5,3,0,2
714,50,0,1,1,2,4,3,4,7,4,2,17399,6615,9,0,1,32,5,4,1,3
715,33,0,1,1,1,3,4,2,4,2,1,5488,20161,1,1,1,6,6,5,1,2
716,41,0,1,9,2,1,3,5,7,3,2,19419,3735,2,0,1,21,18,16,0,11
717,27,0,1,16,4,3,3,1,2,2,1,2811,12086,9,0,1,4,2,2,2,2
718,45,0,1,23,0,4,3,2,2,1,1,3633,14039,1,1,1,9,9,8,0,8
719,47,0,0,4,0,4,3,2,0,4,0,4163,8571,1,1,0,9,9,0,0,7
720,30,1,1,22,0,1,3,1,1,3,1,2132,11539,4,1,0,7,5,2,0,1
721,50,0,1,24,0,4,3,4,3,3,1,13973,4161,3,1,1,22,12,11,1,5
722,38,0,1,10,2,3,3,1,1,3,1,2684,12127,0,0,1,3,2,1,0,2
723,46,0,1,7,2,4,3,3,3,3,2,10845,24208,6,0,1,13,8,7,0,7
724,24,0,1,17,2,4,2,2,3,3,2,4377,24117,1,0,2,5,4,2,3,2
725,35,1,1,14,1,3,2,1,2,2,2,3743,10074,1,1,1,5,4,2,0,2
726,31,0,1,1,0,3,3,2,3,1,1,4148,11275,1,0,1,4,4,3,0,3
727,18,0,1,5,0,2,3,1,1,4,0,1051,13493,1,0,0,0,0,0,0,0
728,54,0,1,17,4,3,3,3,3,3,1,10739,13943,8,0,1,22,10,7,0,8
729,35,0,1,25,2,3,3,3,4,3,2,10388,6975,1,1,1,16,16,10,10,1
730,30,0,1,8,0,2,4,3,7,1,1,11416,17802,0,1,3,9,8,7,1,7
731,20,1,1,11,2,4,2,1,1,1,0,2600,18275,1,1,0,1,1,0,0,0
732,30,1,1,5,2,2,3,1,2,2,0,2422,25725,0,0,0,4,3,2,1,2
733,26,0,1,2,2,4,4,2,3,4,1,5472,3334,1,0,0,8,8,7,1,3
734,22,0,1,8,0,2,1,1,2,1,1,2451,6881,1,0,1,4,4,3,1,1
735,48,0,1,6,0,1,2,2,4,3,0,4240,13119,2,0,0,19,2,2,2,2
736,48,0,1,4,0,3,2,3,4,3,0,10999,22245,7,0,0,27,15,11,4,8
737,41,0,1,7,2,4,3,2,3,3,0,5003,23371,6,0,0,8,2,2,2,1
738,39,0,1,1,0,4,2,4,3,4,1,12742,7060,1,0,1,21,21,6,11,8
739,27,0,1,2,0,1,3,2,3,4,1,4227,4658,0,0,1,4,3,2,2,2
740,35,0,1,10,1,2,3,1,2,4,2,3917,9541,1,0,1,3,3,2,1,2
741,42,0,0,5,3,4,3,5,5,3,1,18303,7770,6,0,0,21,1,0,0,0
742,50,0,1,9,0,1,3,1,2,4,1,2380,20165,4,0,0,8,1,0,0,0
743,59,0,1,2,0,3,2,4,3,4,0,13726,21829,3,1,0,30,5,3,4,3
744,37,1,1,11,2,1,1,2,4,2,1,4777,14382,5,0,0,15,1,0,0,0
745,55,0,1,18,2,3,3,2,4,2,1,6385,12992,3,1,2,17,8,7,6,7
746,41,0,1,7,0,2,1,5,7,3,2,19973,20284,1,0,2,21,21,16,5,10
747,38,0,0,3,0,2,3,2,0,4,0,6861,4981,8,1,0,19,1,0,0,0
748,26,1,0,29,2,2,1,2,0,1,0,4969,21813,8,0,0,7,2,2,2,2
749,52,1,0,2,3,1,1,5,5,4,1,19845,25846,1,0,1,33,32,14,6,9
750,44,0,0,28,2,4,4,4,0,4,1,13320,11737,3,1,1,23,12,11,11,11
751,50,0,0,1,0,4,3,2,0,3,1,6347,24920,0,0,1,19,18,7,0,13
752,36,1,1,16,0,3,4,1,2,1,0,2743,8269,1,0,0,18,17,13,15,14
753,39,0,1,22,2,4,3,3,3,1,0,10880,5083,1,1,0,21,21,6,2,8
754,33,0,0,8,0,2,2,1,6,4,0,2342,21437,0,0,0,3,2,2,2,2
755,45,0,0,11,0,4,3,4,5,4,1,17650,5404,3,0,1,26,9,3,1,1
756,32,0,1,29,2,4,3,1,2,3,0,4025,11135,9,0,0,10,8,7,7,7
757,34,0,0,1,3,2,4,2,0,4,2,9725,12278,0,0,1,16,15,1,0,9
758,59,0,0,1,4,2,3,3,5,4,1,11904,11038,3,1,1,14,6,4,0,4
759,45,0,2,24,2,2,3,1,8,2,0,2177,8318,1,0,0,6,6,3,0,4
760,53,0,0,2,3,3,2,3,0,2,1,7525,23537,2,0,1,30,15,7,6,12
761,36,1,1,15,1,1,3,2,2,3,2,4834,7858,7,0,1,9,1,0,0,0
762,26,1,1,2,0,1,3,1,1,1,1,2042,15346,6,1,1,6,3,2,1,2
763,34,0,0,10,0,3,3,1,6,3,1,2220,18410,1,1,1,1,1,1,0,0
764,28,0,0,10,2,4,3,1,6,2,1,1052,23384,1,0,0,1,1,0,0,0
765,38,0,1,3,1,3,3,1,1,3,1,2821,2997,3,0,1,8,2,2,2,2
766,50,0,1,2,2,2,3,5,7,3,1,19237,12853,2,1,1,29,8,1,7,7
767,37,0,1,3,1,4,3,2,4,2,0,4107,13848,3,0,0,8,4,3,0,1
768,40,0,0,26,3,3,3,2,0,1,1,8396,22217,1,0,1,8,7,7,7,5
769,26,0,1,1,2,1,2,1,1,3,2,2007,25265,1,0,2,5,5,3,1,3
770,46,0,1,1,2,4,3,5,7,4,2,19627,21445,9,0,2,23,2,2,2,2
771,54,0,0,2,0,3,2,3,0,3,1,10686,8392,6,0,1,13,9,4,7,0
772,56,0,1,9,2,1,3,1,1,3,1,2942,12154,2,0,1,18,5,4,0,3
773,36,0,1,12,2,4,2,3,3,4,0,8858,15669,0,0,0,15,14,8,7,8
774,55,0,1,2,2,3,2,4,5,1,0,16756,17323,7,0,0,31,9,7,6,2
775,43,0,0,25,2,3,2,3,0,4,2,10798,5268,5,0,1,18,1,0,0,0
776,20,1,0,9,3,4,3,1,6,4,0,2323,17205,1,1,0,2,2,2,0,2
777,21,1,1,10,0,3,2,1,2,1,0,1416,17258,1,0,0,1,1,0,1,0
778,46,0,1,8,0,4,2,2,1,1,2,4615,21029,8,1,3,19,16,13,1,7
779,51,1,1,4,0,1,3,1,1,3,1,2461,10332,9,1,3,18,10,0,2,7
780,28,1,1,24,4,2,2,3,4,1,0,8722,12355,1,0,0,10,10,7,1,9
781,26,0,1,1,2,1,2,1,2,1,1,3955,11141,1,0,2,6,5,3,1,3
782,30,0,1,20,1,3,3,2,3,1,1,9957,9096,0,0,1,7,6,2,0,2
783,41,0,1,7,4,2,4,1,1,3,1,3376,18863,1,0,0,10,10,6,0,8
784,38,0,1,17,0,3,2,3,4,3,1,8823,24608,0,0,1,20,19,9,1,9
785,40,0,1,20,4,1,3,3,4,4,1,10322,26542,4,0,1,14,11,10,11,1
786,27,0,1,8,0,1,1,1,2,3,1,4621,5869,1,0,3,3,3,2,1,2
787,55,0,1,2,0,4,3,3,3,2,1,10976,15813,3,0,1,23,3,2,1,2
788,28,0,1,10,1,3,3,2,1,3,0,3660,7909,3,0,0,10,8,7,1,7
789,44,1,2,1,2,2,2,3,8,1,1,10482,2326,9,0,1,24,20,6,3,6
790,33,0,1,5,0,4,2,3,4,4,2,7119,21214,4,0,1,9,3,2,1,2
791,35,1,0,4,4,4,3,3,0,1,0,9582,10333,0,1,0,9,8,7,4,7
792,33,1,1,29,2,1,2,2,1,3,0,4508,3129,1,0,0,14,13,7,3,8
793,28,0,1,15,0,1,3,1,2,3,2,2207,22482,1,0,1,4,4,2,2,2
794,34,0,1,3,0,1,3,2,4,4,0,7756,22266,0,0,0,7,6,2,0,4
795,37,0,0,10,0,4,2,2,0,4,2,6694,24223,2,1,3,8,1,0,0,0
796,25,1,1,4,4,4,3,1,2,4,1,3691,4605,1,1,1,7,7,7,5,6
797,26,1,1,21,2,1,3,1,2,3,2,2377,19373,1,0,1,1,1,1,0,0
798,33,1,1,25,2,1,2,1,1,2,0,2313,2993,4,1,0,5,2,2,2,2
799,42,0,1,2,2,4,3,4,5,1,1,17665,14399,0,0,1,23,22,6,13,7
800,28,1,1,1,2,1,2,1,2,2,2,2596,7160,1,0,2,1,1,0,0,0
801,50,1,0,1,1,4,3,2,0,3,0,4728,17251,3,1,0,5,0,0,0,0
802,33,0,0,7,0,4,3,2,0,2,1,4302,13401,0,0,1,4,3,2,0,2
803,34,0,1,3,0,3,2,1,1,4,1,2979,22478,3,0,3,6,0,0,0,0
804,48,0,1,1,2,1,4,4,5,4,0,16885,16154,2,0,0,27,5,4,2,1
805,45,0,0,9,0,2,2,2,0,3,1,5593,17970,1,0,1,15,15,10,4,12
806,52,0,1,7,0,2,3,3,4,2,0,10445,15322,7,0,0,18,8,6,4,0
807,38,0,0,10,3,3,2,3,0,3,2,8740,5569,0,1,2,9,8,7,2,7
808,29,0,1,28,0,3,3,1,1,4,2,2514,26968,4,0,1,11,7,5,1,7
809,28,0,1,3,2,4,3,3,3,2,2,7655,8039,0,0,3,10,9,7,1,7
810,46,0,0,3,3,1,3,4,5,3,1,17465,15596,3,0,1,23,12,9,4,9
811,38,0,0,2,3,4,3,3,0,2,0,7351,20619,7,0,0,10,1,0,0,0
812,43,0,1,27,0,3,3,3,3,1,1,10820,11535,8,0,1,18,8,7,0,1
813,39,1,1,2,0,1,3,4,4,4,2,12169,13547,7,0,3,21,18,7,11,5
814,40,0,1,14,2,3,2,5,7,3,0,19626,17544,1,0,0,21,20,7,4,9
815,21,0,1,1,4,4,2,1,1,2,0,2070,25326,1,1,0,2,2,2,2,2
816,39,0,1,9,0,3,3,2,2,2,0,6782,8770,9,0,0,9,5,4,0,3
817,36,0,1,18,0,1,3,2,3,4,0,7779,23238,2,0,0,18,11,9,0,9
818,31,0,0,20,0,3,4,1,6,4,1,2791,21981,0,0,1,3,2,2,2,2
819,28,0,1,2,0,1,2,1,1,2,1,3201,19911,0,0,0,6,5,3,0,4
820,35,0,0,11,3,4,3,2,0,4,2,4968,18500,1,0,1,5,5,2,0,2
821,49,0,0,8,4,4,2,4,0,2,1,13120,11879,6,0,1,22,9,8,2,3
822,34,0,1,2,0,4,3,2,3,3,0,4033,15834,2,0,0,5,3,2,0,2
823,29,0,1,10,0,4,3,1,1,2,2,3291,17940,0,0,2,8,7,5,1,1
824,42,0,1,29,2,2,1,2,2,4,0,4272,9558,4,0,0,16,1,0,0,0
825,29,0,1,8,2,2,2,2,3,4,1,5056,17689,1,1,1,10,10,7,1,2
826,38,0,2,1,5,3,4,1,8,3,1,2844,6004,1,0,1,7,7,6,5,0
827,28,0,1,6,0,3,2,1,1,3,2,2703,22088,1,1,1,3,3,1,0,2
828,18,1,1,8,2,3,3,1,2,3,0,1904,13556,1,0,0,0,0,0,0,0
829,33,1,0,9,3,1,3,2,0,1,0,8224,18385,0,1,0,6,5,2,0,3
830,41,0,1,12,0,2,3,1,2,4,1,4766,9051,3,1,1,6,1,0,0,0
831,31,1,1,15,2,3,3,1,2,3,1,2610,6233,1,0,1,2,2,2,2,2
832,37,0,1,25,2,3,2,2,4,4,2,5731,17171,7,0,2,9,6,2,1,3
833,27,0,1,6,0,4,2,1,1,3,1,2539,7950,1,0,1,4,4,2,2,2
834,34,0,0,9,0,2,3,2,0,3,1,5714,5829,1,0,0,6,6,5,1,3
835,35,0,2,8,4,3,3,1,8,3,0,4323,7108,1,0,0,6,5,4,1,4
836,29,1,0,23,0,4,2,3,0,1,1,7336,11162,1,0,1,11,11,8,3,10
837,40,0,1,9,2,2,3,3,7,3,0,13499,13782,9,0,0,20,18,7,2,13
838,42,1,0,12,0,3,3,4,0,1,0,13758,2447,0,1,0,22,21,9,13,14
839,42,0,0,4,3,2,3,2,0,1,0,5155,2253,7,0,0,9,6,4,1,5
840,35,0,1,1,2,4,2,1,2,3,1,2258,16340,6,0,1,10,8,0,1,7
841,24,0,1,24,2,4,3,1,2,2,0,3597,6409,8,0,0,6,4,3,1,2
842,28,1,1,12,0,3,3,1,2,4,1,2515,22955,1,1,0,1,1,1,0,0
843,26,0,1,3,2,1,4,1,2,4,1,4420,13421,1,0,1,8,8,7,0,7
844,30,0,0,10,3,3,2,2,0,3,1,6578,2706,1,0,1,10,10,3,1,4
845,40,0,1,26,2,3,2,2,1,4,1,4422,21203,3,1,1,16,1,1,0,0
846,35,0,1,2,0,3,2,3,3,2,2,10274,19588,2,0,1,15,7,7,6,4
847,34,0,1,1,2,4,2,2,4,1,0,5343,25755,0,0,0,14,13,9,4,9
848,35,0,1,4,1,4,2,1,2,4,1,2376,26537,1,0,1,2,2,2,2,2
849,43,1,0,9,3,1,1,2,0,3,0,5346,9489,8,0,0,7,4,3,1,3
850,32,0,0,2,0,3,3,1,6,1,2,2827,14947,1,0,3,1,1,0,0,0
851,56,0,1,4,4,4,3,5,5,1,2,19943,18575,4,0,1,28,5,2,4,2
852,29,0,1,6,2,2,3,1,2,4,1,3131,26342,1,0,1,10,10,8,0,8
853,19,0,1,9,0,3,3,1,1,1,0,2552,7172,1,0,0,1,1,1,0,0
854,45,0,1,7,2,1,3,1,1,3,1,4477,20100,4,1,1,7,3,2,0,2
855,37,0,1,1,0,4,2,2,3,4,1,6474,9961,1,0,1,14,14,8,3,11
856,20,0,1,3,0,1,2,1,2,3,0,3033,12828,1,0,0,2,2,2,1,2
857,44,1,1,10,0,3,3,1,1,3,0,2936,10826,1,1,0,6,6,4,0,2
858,53,0,1,7,2,4,3,5,5,3,2,18606,18640,3,0,1,26,7,7,4,7
859,29,0,1,15,0,2,1,1,1,4,1,2168,26933,0,1,1,6,5,4,1,3
860,22,1,1,3,0,3,2,1,1,4,1,2853,4223,0,1,1,1,0,0,0,0
861,46,0,0,2,3,3,3,4,5,1,1,17048,24097,8,0,0,28,26,15,15,9
862,44,0,1,17,0,4,1,1,1,3,0,2290,4279,2,0,0,6,0,0,0,0
863,33,0,2,2,5,2,3,1,8,3,1,3600,8429,1,0,1,5,5,4,1,4
864,41,1,1,5,0,1,2,1,1,1,2,2107,20293,6,0,1,5,1,0,0,0
865,30,0,0,29,0,3,3,2,0,1,2,4115,13192,8,0,3,8,4,3,0,3
866,40,0,0,2,2,2,3,2,0,2,1,4327,25440,5,0,3,5,0,0,0,0
867,50,0,1,2,2,4,3,4,5,1,1,17856,9490,2,0,1,32,2,2,2,2
868,28,0,1,19,2,4,2,1,2,1,1,3196,12449,1,0,3,6,6,5,3,3
869,46,0,1,15,0,4,3,5,7,2,1,19081,10849,5,0,1,25,4,2,0,3
870,35,0,0,17,0,3,3,2,0,1,1,8966,21026,3,1,3,15,7,7,1,7
871,24,1,1,17,0,4,3,1,2,2,1,2210,3372,1,0,1,1,1,0,0,0
872,33,0,0,25,2,2,3,2,0,3,1,4539,4905,1,0,1,10,10,7,0,1
873,36,0,1,6,0,3,1,1,2,3,2,2741,6865,1,0,1,7,7,7,1,7
874,30,0,1,7,0,3,3,2,2,3,2,3491,11309,1,0,3,10,10,7,8,9
875,44,0,1,29,1,4,3,2,1,4,0,4541,7744,1,0,0,20,20,11,13,17
876,20,0,0,21,3,3,4,1,6,4,0,2678,5050,1,0,0,2,2,1,2,2
877,46,0,1,2,4,4,3,2,3,4,2,7379,17433,2,0,1,12,6,3,1,4
878,42,0,2,2,2,4,4,2,8,1,1,6272,12858,7,0,1,10,4,3,0,3
879,60,0,0,7,3,2,4,2,0,4,2,5220,10893,0,1,1,12,11,7,1,9
880,32,0,1,13,1,3,2,1,2,2,1,2743,7331,1,0,1,2,2,2,2,2
881,32,0,1,2,0,4,3,2,1,3,0,4998,2338,4,1,0,10,8,7,0,7
882,36,0,1,1,4,3,1,3,3,1,2,10252,4235,2,1,1,17,7,7,7,7
883,33,0,1,9,2,1,3,1,1,4,1,2781,6311,0,0,1,15,14,10,4,10
884,40,0,0,10,4,2,2,2,0,2,2,6852,11591,7,0,1,7,5,1,1,3
885,25,0,0,10,0,3,3,2,0,4,0,4950,20623,0,0,0,5,4,3,1,1
886,30,0,1,1,2,4,3,1,1,2,1,3579,9369,0,1,1,12,11,9,5,7
887,42,0,1,26,2,1,3,3,7,1,1,13191,23281,3,1,0,20,1,0,0,0
888,35,0,0,8,3,3,2,3,0,4,1,10377,13755,4,1,1,16,13,2,4,12
889,27,0,1,14,0,1,3,1,1,1,1,2235,14377,1,1,2,9,9,7,6,8
890,54,0,1,1,0,4,3,3,3,3,2,10502,9659,7,0,1,33,5,4,1,4
891,44,0,1,2,0,1,4,1,1,4,1,2011,19982,1,0,1,10,10,5,7,7
892,19,1,1,10,2,1,2,1,1,2,0,1859,6148,1,1,0,1,1,1,0,0
893,29,0,1,1,0,1,3,1,1,4,2,3760,5598,1,0,3,3,3,2,1,2
894,54,0,1,3,0,4,3,4,7,4,1,17779,23474,3,0,0,36,10,9,0,9
895,31,0,1,11,2,3,3,2,4,1,1,6833,17089,1,1,0,6,6,5,0,1
896,31,0,1,24,2,3,2,2,4,1,0,6812,17198,1,0,0,10,10,9,1,8
897,59,0,0,3,0,3,2,2,0,4,0,5171,16490,5,0,0,13,6,1,0,5
898,43,0,1,3,0,3,1,5,7,4,1,19740,18625,3,0,1,25,8,7,0,7
899,49,0,1,4,2,1,2,5,5,3,1,18711,12124,2,0,1,23,1,0,0,0
900,36,0,1,3,4,3,3,1,1,2,1,3692,9256,1,0,0,12,11,10,0,7
901,48,0,1,2,4,4,4,1,2,2,0,2559,16620,5,0,0,7,1,0,0,0
902,27,0,1,4,0,1,3,1,1,3,2,2517,3208,1,0,3,5,5,3,0,3
903,29,0,1,7,0,3,3,2,4,4,2,6623,4204,1,1,2,6,6,0,1,0
904,48,0,1,1,0,4,2,5,7,4,0,18265,8733,6,0,0,25,1,0,0,0
905,29,0,1,1,0,4,2,4,7,4,2,16124,3423,3,0,2,9,7,7,1,7
906,34,0,1,20,4,3,4,1,1,3,1,2585,21643,0,0,0,2,1,0,0,0
907,44,0,0,5,3,2,3,5,5,2,1,18213,8751,7,0,1,26,22,9,3,10
908,33,0,0,10,3,4,4,3,0,3,2,8380,21708,0,1,2,10,9,8,0,8
909,19,0,1,25,0,2,4,1,1,4,0,2994,21221,1,1,0,1,1,0,0,1
910,23,0,1,1,0,4,3,1,1,3,1,1223,16901,1,0,1,1,1,0,0,1
911,25,1,0,24,0,3,1,1,6,4,0,1118,8040,1,1,0,1,1,0,1,0
912,26,0,1,4,0,3,3,1,1,4,0,2875,9973,1,1,0,8,8,5,2,2
913,45,1,0,2,3,1,1,5,5,2,0,18824,2493,2,1,0,26,24,10,1,11
914,55,0,1,8,2,4,2,4,4,2,2,13577,25592,1,1,1,34,33,9,15,0
915,21,1,1,10,0,1,2,1,2,3,0,2625,25308,1,0,0,2,2,2,2,2
916,46,0,0,4,3,4,2,5,5,2,1,18789,9946,2,0,1,26,11,4,0,8
917,34,0,0,2,3,3,3,2,0,1,0,4538,6039,0,1,0,4,3,2,0,2
918,51,0,0,9,0,4,3,5,5,2,2,19847,19196,4,1,1,31,29,10,11,10
919,59,0,1,18,2,4,3,3,3,4,0,10512,20002,6,0,0,25,9,7,5,4
920,34,0,1,19,2,3,3,2,2,2,2,4444,22534,4,0,2,15,11,8,5,10
921,28,0,1,1,2,4,3,1,2,3,0,2154,6842,0,1,0,5,4,2,0,2
922,44,0,1,4,0,3,4,5,5,1,2,19190,17477,1,0,2,26,25,9,14,13
923,34,0,2,11,0,3,2,2,8,2,1,4490,21833,4,0,2,14,10,9,1,8
924,35,0,1,6,0,3,3,1,1,3,1,3506,6020,0,1,0,4,3,2,2,2
925,42,0,1,7,2,2,4,2,1,2,1,2372,5628,6,1,0,18,1,0,0,0
926,43,0,0,4,3,4,2,3,0,4,0,10231,20364,3,0,0,23,21,7,15,17
927,36,0,1,2,0,3,3,2,3,2,0,5410,2323,9,1,0,18,16,14,5,12
928,44,1,1,15,2,1,3,3,4,4,1,7978,14075,1,0,1,10,10,7,0,5
929,28,0,1,2,0,4,2,1,2,4,1,3867,14222,1,1,1,2,2,2,2,2
930,51,0,1,6,2,2,2,1,2,3,0,2838,4257,0,0,0,8,7,0,7,7
931,30,0,1,9,2,3,3,2,3,3,0,4695,12858,7,1,0,10,8,4,1,7
932,29,1,1,7,4,2,3,1,2,3,2,3339,17285,3,1,2,10,7,7,7,7
933,28,0,1,1,4,4,3,1,1,1,0,2080,4732,2,0,0,5,3,2,1,2
934,25,0,1,1,2,4,3,1,1,2,0,2096,18830,1,0,0,2,2,2,2,1
935,32,0,0,8,2,3,4,2,0,4,1,6209,11693,1,0,2,10,10,7,0,8
936,45,0,1,25,2,2,3,5,5,2,0,18061,13035,3,0,0,22,0,0,0,0
937,39,0,1,13,2,3,2,4,5,2,2,17123,17334,6,1,2,21,19,9,15,2
938,58,0,1,23,0,1,3,1,1,3,2,2372,26076,1,0,2,2,2,2,2,2
939,32,1,1,7,0,4,3,2,2,3,1,4883,22845,1,0,1,10,10,4,1,1
940,39,1,1,23,2,3,3,1,1,1,0,3904,22154,0,0,0,6,5,2,0,3
941,30,0,1,6,4,1,2,2,2,4,1,4627,23631,0,0,1,10,9,2,6,7
942,36,0,1,10,4,4,3,3,4,3,1,7094,5747,3,0,0,10,7,7,1,7
943,46,0,2,1,0,4,3,1,8,1,0,3423,22957,6,0,0,10,7,6,5,7
944,28,0,1,1,0,3,1,2,2,4,1,6674,16392,0,0,3,10,9,8,7,5
945,50,0,1,28,0,4,3,4,7,1,1,16880,22422,4,1,0,25,3,2,1,2
946,40,1,0,25,3,4,2,3,0,2,0,9094,17235,2,1,0,9,5,4,1,0
947,52,1,0,5,0,2,3,3,0,2,0,8446,21534,9,1,0,10,8,7,7,7
948,30,0,1,17,2,2,3,3,5,1,1,11916,25927,1,1,2,9,9,1,0,8
949,39,0,1,18,0,1,3,2,3,3,0,4534,13352,0,0,0,9,8,7,1,7
950,31,0,0,2,0,4,3,3,0,3,2,9852,8935,1,1,1,10,10,8,9,6
951,41,0,0,10,2,3,1,2,0,2,0,6151,22074,1,0,0,19,19,2,11,9
952,31,1,0,1,0,4,3,1,6,2,0,2302,8319,1,1,0,3,3,2,2,2
953,44,1,1,3,0,1,3,1,2,1,1,2362,14669,4,0,0,10,3,2,1,2
954,42,0,1,2,0,3,3,4,5,3,1,17861,26582,0,1,0,21,20,8,2,10
955,55,0,1,2,2,4,1,5,5,3,1,19187,6992,4,0,1,23,19,9,9,11
956,56,0,2,8,0,4,3,5,5,2,0,19717,4022,6,0,0,36,7,3,7,7
957,40,0,1,16,0,3,3,1,1,3,2,3544,8532,9,0,1,6,4,2,0,0
958,34,0,1,9,0,4,3,3,4,4,2,8500,5494,0,0,1,10,9,7,1,6
959,40,0,1,2,0,3,3,2,1,4,0,4661,22455,1,0,0,9,9,8,8,8
960,41,0,0,1,3,3,3,2,0,1,2,4103,4297,0,0,1,10,9,3,1,7
961,35,0,1,4,0,3,3,2,1,3,0,4249,2690,1,1,0,9,9,6,1,1
962,51,0,2,5,0,3,3,4,5,2,2,14026,17588,1,1,1,33,33,9,0,10
963,38,0,0,2,0,2,3,2,0,1,2,6893,19461,3,0,1,11,7,7,1,7
964,34,0,0,15,2,3,3,2,0,1,0,6125,23553,1,0,0,10,10,8,9,6
965,25,0,1,19,2,4,3,1,2,4,1,3669,9075,3,0,3,7,3,2,1,2
966,58,1,1,7,2,3,2,3,3,1,1,10008,12023,7,1,0,31,10,9,5,9
967,40,0,1,1,0,2,3,1,2,2,1,2387,6762,3,0,1,7,4,2,0,3
968,36,0,0,7,3,1,4,2,0,1,1,4639,2261,2,0,1,17,15,7,6,13
969,48,0,1,4,0,4,3,3,3,4,0,7898,18706,1,0,0,11,10,9,0,8
970,27,0,0,11,2,3,4,1,6,4,1,2534,6527,8,0,1,5,1,0,0,0
971,51,0,1,11,4,4,2,4,3,2,0,13142,24439,3,0,0,29,5,2,0,3
972,18,0,1,1,0,4,3,1,2,4,0,1611,19305,1,0,0,0,0,0,0,0
973,35,0,1,1,2,4,2,2,2,4,1,5363,10846,0,0,1,10,9,7,0,0
974,27,0,0,2,0,4,1,2,0,4,0,5071,20392,3,0,0,8,6,2,0,0
975,55,1,0,13,3,1,4,4,0,3,0,13695,9277,6,1,0,24,19,7,3,8
976,56,0,1,23,0,4,3,4,3,2,1,13402,18235,4,1,1,33,19,16,15,9
977,34,0,1,26,4,1,2,1,1,3,2,2029,15891,1,0,3,5,5,4,0,0
978,40,0,1,2,2,2,4,2,4,3,2,6377,13888,5,0,3,15,12,11,11,8
979,34,0,1,29,2,2,3,2,2,3,1,5429,17491,4,0,2,10,8,7,7,7
980,31,1,0,2,0,3,2,1,6,4,0,2785,11882,7,0,0,3,1,0,0,0
981,35,1,0,18,3,4,3,2,0,3,1,4614,23288,0,1,1,5,4,2,3,2
982,38,0,1,7,0,4,4,1,1,3,2,2610,15748,1,0,3,4,4,2,0,3
983,34,0,1,2,4,3,3,2,4,4,0,6687,6163,1,0,0,14,14,11,4,11
984,28,0,0,26,0,3,2,2,0,1,1,4724,24232,1,0,1,5,5,3,0,4
985,31,1,1,22,2,4,3,2,3,3,1,6179,21057,1,1,2,10,10,2,6,7
986,39,0,0,21,0,1,2,2,0,4,1,6120,3567,3,1,2,8,5,4,1,4
987,51,0,0,2,3,2,3,3,0,2,1,10596,15395,2,0,0,14,4,2,3,2
988,41,0,1,22,0,4,3,2,1,4,2,5467,13953,3,1,2,12,6,2,3,3
989,37,0,1,4,0,3,3,1,1,3,1,2996,5182,7,1,0,8,6,4,1,3
990,33,0,0,5,0,2,3,2,0,4,1,9998,19293,6,0,0,8,5,4,1,2
991,32,0,0,2,3,3,3,2,0,2,1,4078,20497,0,1,3,4,3,2,1,2
992,39,0,1,25,0,3,3,3,4,3,1,10920,3449,3,0,1,13,6,4,0,5
993,25,0,0,18,0,1,4,2,0,3,1,6232,12477,2,0,0,6,3,2,1,2
994,52,0,1,28,2,4,4,4,3,3,1,13247,9731,2,1,1,24,5,3,0,2
995,43,0,1,6,2,1,2,2,1,3,0,4081,20003,1,1,0,20,20,7,1,8
996,27,0,0,10,3,4,2,2,0,4,1,5769,7100,1,1,0,6,6,2,4,4
997,27,1,1,17,0,4,3,1,1,3,0,2394,25681,1,1,0,8,8,2,7,7
998,26,0,1,2,2,1,2,1,1,4,0,3904,4050,0,0,0,5,4,3,1,1
999,42,0,2,10,5,3,3,4,5,1,1,16799,16616,0,0,1,21,20,7,0,9
1000,52,0,1,8,1,3,3,1,2,1,1,2950,17363,9,0,0,12,5,4,0,4
1001,37,0,1,11,2,1,3,1,2,3,0,3629,19106,4,0,0,8,3,2,0,2
1002,35,0,1,18,0,3,3,3,3,4,0,9362,19944,2,0,0,10,2,2,2,2
1003,25,0,1,1,4,1,3,1,2,4,1,3229,4910,4,0,1,7,3,2,0,2
1004,26,0,1,7,1,3,4,1,2,1,0,3578,23577,0,0,0,8,7,7,0,7
1005,29,0,2,17,1,2,2,3,8,1,0,7988,9769,1,0,0,10,10,9,0,9
1006,49,1,1,28,0,1,2,2,2,1,0,4284,22710,3,0,0,20,4,3,1,3
1007,29,1,1,14,1,3,3,3,4,4,0,7553,22930,0,1,0,9,8,7,7,7
1008,54,0,1,1,2,4,3,4,7,4,0,17328,5652,6,0,0,29,20,7,12,7
1009,58,0,1,1,2,4,3,5,7,1,1,19701,22456,3,1,1,32,9,8,1,5
1010,55,0,1,1,2,2,4,4,7,4,2,14732,12414,2,0,2,31,7,7,0,0
1011,36,0,0,3,3,1,3,2,0,2,0,9278,20763,3,1,0,15,5,4,0,1
1012,31,1,0,1,0,2,1,1,6,3,0,1359,16154,1,0,0,1,1,0,0,0
1013,30,0,0,7,3,4,3,2,0,1,2,4779,12761,7,0,2,8,3,2,0,2
1014,31,0,1,8,0,1,3,4,7,2,0,16422,8847,3,0,0,9,3,2,1,0
1015,34,0,1,1,1,4,3,1,1,1,2,2996,20284,5,0,2,10,4,3,1,3
1016,31,1,1,8,0,1,2,1,1,2,0,1261,22262,1,0,0,1,1,0,0,0
1017,27,0,1,11,0,2,3,1,2,1,1,2099,7679,0,0,0,6,5,0,1,4
1018,36,0,1,4,0,1,2,2,2,4,0,5810,22604,1,0,0,10,10,4,1,8
1019,36,0,0,16,3,3,2,2,0,1,1,5647,13494,4,0,2,11,3,2,0,2
1020,47,0,1,1,4,1,3,1,1,4,1,3420,10205,7,0,1,17,6,5,1,2
1021,25,1,0,9,0,1,2,1,6,1,1,4400,15182,3,0,0,6,3,2,2,2
1022,37,0,1,5,4,3,4,1,2,3,0,3500,25470,0,0,0,7,6,5,1,3
1023,56,0,1,1,0,1,3,1,1,1,1,2066,10494,2,0,1,5,3,2,1,0
1024,47,0,1,2,2,1,3,4,7,3,1,17169,26703,3,0,2,26,20,17,5,6
1025,24,0,0,4,2,4,3,2,0,3,1,4162,15211,1,1,2,5,5,4,0,3
1026,32,0,0,7,3,4,3,2,0,4,1,9204,23343,4,0,1,7,4,3,0,3
1027,34,0,1,1,0,4,2,1,2,2,1,3294,3708,5,0,1,7,5,4,0,2
1028,41,0,1,5,2,2,4,1,1,3,1,2127,5561,2,1,0,7,4,2,0,3
1029,40,0,1,9,1,3,3,2,2,3,2,3975,23099,3,0,2,11,8,7,0,7
1030,31,0,0,8,0,1,3,3,0,4,2,10793,8386,1,0,1,13,13,7,9,9
1031,46,1,0,9,3,1,3,3,0,4,2,10096,15986,4,0,1,28,7,7,4,3
1032,39,1,1,2,0,1,2,1,2,1,0,3646,17181,2,1,0,11,1,0,0,0
1033,31,1,1,1,0,3,4,3,3,2,0,7446,8931,1,0,0,10,10,8,4,7
1034,45,0,1,20,2,2,1,3,4,1,2,10851,19863,2,1,1,24,7,7,0,7
1035,31,0,2,8,2,4,4,1,8,2,0,2109,24609,9,0,0,8,3,2,0,2
1036,31,1,1,2,0,2,3,1,2,4,1,3722,21081,6,1,1,7,2,2,2,2
1037,45,0,1,29,4,2,3,3,3,4,1,9380,14720,4,1,2,10,3,1,1,2
1038,48,0,0,7,3,3,3,2,0,1,2,5486,24795,4,0,3,15,2,2,2,2
1039,34,1,2,9,4,1,3,1,8,3,1,2742,3072,1,0,0,2,2,2,2,2
1040,40,0,1,8,2,4,2,3,7,2,2,13757,25178,2,0,1,16,9,8,4,8
1041,28,0,0,5,2,4,3,2,0,1,0,8463,23490,0,0,0,6,5,4,1,3
1042,44,0,1,5,0,3,2,1,2,3,0,3162,7973,3,0,0,7,5,2,0,3
1043,53,0,1,2,2,4,4,4,7,2,0,16598,19764,4,0,0,35,9,8,8,8
1044,49,0,1,5,4,1,3,2,4,3,1,6651,21534,2,0,1,20,3,2,1,2
1045,40,0,1,2,2,3,3,1,1,3,2,2345,8045,2,0,1,8,3,1,1,2
1046,44,0,1,20,0,4,3,1,1,2,0,3420,21158,1,0,0,6,5,2,1,3
1047,33,0,0,7,2,4,3,2,0,1,1,4373,17456,0,0,2,5,4,3,0,3
1048,34,0,0,3,1,4,1,2,0,1,0,4759,15891,3,0,0,15,13,9,3,12
1049,30,0,0,16,0,4,3,2,0,3,1,5301,2939,8,0,2,4,2,1,2,2
1050,42,0,1,9,2,1,3,1,2,4,0,3673,16458,1,0,0,12,12,9,5,8
1051,44,0,0,1,3,1,3,2,0,3,1,4768,9282,7,0,1,11,1,0,0,0
1052,30,0,1,7,4,3,3,1,1,3,2,1274,7152,1,0,2,1,1,0,0,0
1053,57,0,1,1,0,2,4,2,1,3,1,4900,2721,0,0,1,13,12,9,2,8
1054,49,0,1,7,0,3,3,3,4,2,2,10466,20948,3,0,2,29,8,7,0,7
1055,34,0,1,15,2,2,3,4,7,1,2,17007,11929,7,0,2,16,14,8,6,9
1056,28,1,0,1,4,1,3,1,6,3,1,2909,15747,3,0,1,5,3,2,1,2
1057,29,1,0,13,4,1,3,2,0,2,0,5765,17485,5,0,0,7,5,3,0,0
1058,34,1,0,24,2,1,2,2,0,2,0,4599,7815,0,1,0,16,15,9,10,10
1059,35,0,0,7,0,4,3,1,6,3,1,2404,16192,1,0,1,1,1,0,0,0
1060,24,1,1,9,2,2,3,1,2,1,0,3172,16998,2,1,0,4,0,0,0,0
1061,24,0,0,13,0,4,3,1,6,2,1,2033,7103,1,0,1,1,1,0,0,0
1062,44,0,1,2,2,2,3,3,3,3,0,10209,19719,5,1,0,16,2,2,2,2
1063,29,0,0,19,0,3,2,2,0,3,2,8620,23757,1,0,2,10,10,7,0,4
1064,30,0,2,1,0,3,3,1,8,3,2,2064,15428,0,0,1,6,5,3,1,3
1065,55,0,1,4,0,4,3,2,4,3,1,4035,16143,0,1,0,4,3,2,1,2
1066,33,0,1,4,2,1,2,1,2,2,1,3838,8192,8,0,0,8,5,4,0,2
1067,47,0,0,14,2,3,3,2,0,3,1,4591,24200,3,1,1,11,5,4,1,2
1068,28,1,1,2,2,3,2,1,2,1,0,2561,5355,7,0,0,8,0,0,0,0
1069,28,0,1,1,0,1,2,1,1,3,2,1563,12530,1,0,1,1,1,0,0,0
1070,28,0,0,7,0,3,3,2,0,1,0,4898,11827,0,0,0,5,4,2,1,3
1071,49,0,1,3,2,3,2,2,2,1,1,4789,23070,4,0,1,10,3,2,1,2
1072,29,0,1,2,0,4,3,1,2,2,1,3180,4668,0,0,3,4,3,2,0,2
1073,28,0,1,29,0,3,1,2,3,2,1,6549,3173,1,0,2,8,8,6,1,7
1074,33,0,1,8,0,4,3,2,4,3,0,6388,22049,2,1,0,14,0,0,0,0
1075,32,0,1,10,2,3,3,3,5,4,0,11244,21072,2,0,0,10,5,2,0,0
1076,54,0,1,11,2,2,3,4,5,4,2,16032,24456,3,0,1,26,14,9,1,12
1077,29,1,1,1,4,1,2,1,1,1,0,2362,7568,6,0,0,11,9,7,0,7
1078,44,0,1,28,0,4,3,4,7,1,1,16328,22074,3,0,1,24,20,6,14,17
1079,39,0,1,6,0,2,3,3,3,2,0,8376,9150,4,0,0,9,2,0,2,2
1080,46,0,0,3,0,3,3,4,5,2,1,16606,11380,8,0,1,23,13,12,5,1
1081,35,0,1,16,0,4,2,3,4,2,0,8606,21195,1,0,0,11,11,8,3,3
1082,23,0,1,20,0,1,3,2,2,3,0,2272,24812,0,0,0,5,4,3,1,2
1083,40,1,1,9,0,4,3,1,2,1,0,2018,21831,3,0,0,15,5,4,1,0
1084,34,0,0,1,4,4,2,3,0,3,1,7083,12288,1,1,0,10,10,9,8,6
1085,31,1,1,3,0,4,3,1,1,3,0,4084,4156,1,0,0,7,7,2,7,7
1086,50,0,1,22,2,3,1,4,7,4,0,14411,24450,1,1,0,32,32,6,13,9
1087,34,0,0,7,4,2,3,1,6,3,1,2308,4944,0,1,1,12,11,10,5,7
1088,42,0,1,2,2,3,2,1,2,2,1,4841,24052,4,0,1,4,1,0,0,0
1089,37,0,1,13,2,1,3,2,1,4,1,4285,3031,1,0,0,10,10,8,3,7
1090,29,0,1,8,1,3,1,2,4,1,1,9715,7288,3,0,1,9,7,7,0,7
1091,33,0,1,25,0,4,2,2,3,2,0,4320,24152,1,0,0,5,5,3,0,2
1092,45,0,1,28,4,4,3,1,1,4,1,2132,4585,4,0,1,8,5,4,0,3
1093,42,0,1,2,0,4,3,3,4,4,1,10124,18611,2,1,1,24,20,8,13,9
1094,40,0,0,9,2,1,3,2,0,1,1,5473,19345,0,0,0,9,8,4,7,1
1095,33,0,1,28,0,2,3,2,2,3,1,5207,22949,1,1,1,15,15,14,5,7
1096,40,0,2,6,2,3,3,4,5,4,0,16437,17381,1,1,0,21,21,7,7,7
1097,24,0,1,21,4,3,2,1,2,1,2,2296,10036,0,0,3,2,1,1,0,0
1098,40,0,1,8,0,4,3,2,4,4,2,4069,8841,3,1,0,8,2,2,2,2
1099,45,0,1,1,4,1,3,3,4,2,2,7441,20933,1,0,3,10,10,8,7,7
1100,35,0,0,28,0,2,2,1,6,3,1,2430,26204,0,0,2,6,5,3,4,2
1101,32,0,1,5,0,4,2,2,1,2,1,5878,15624,3,0,1,12,7,1,2,5
1102,36,0,0,2,0,3,3,1,6,4,0,2644,17001,3,1,0,7,3,2,1,2
1103,48,0,0,16,0,3,3,2,0,3,2,6439,13693,8,0,1,18,8,7,7,7
1104,29,0,1,9,0,3,4,1,1,3,1,2451,22376,6,0,2,5,1,0,0,0
1105,33,0,0,8,0,1,3,2,0,1,1,6392,10589,2,0,1,8,2,2,2,2
1106,30,1,0,1,0,2,2,2,0,1,1,9714,5323,1,0,1,10,10,8,6,7
1107,38,0,2,10,5,3,3,2,8,3,1,6077,14814,3,0,0,10,6,3,1,2
1108,35,0,1,1,2,4,2,1,2,1,0,2450,21731,1,0,0,3,3,0,1,2
1109,30,0,0,29,4,3,3,3,0,2,1,9250,17799,3,0,1,9,4,2,1,3
1110,35,1,1,2,0,1,3,1,2,1,2,2074,26619,1,1,1,1,1,0,0,0
1111,53,1,1,2,4,3,2,3,3,4,1,10169,14618,0,0,1,34,33,7,1,9
1112,38,1,1,2,2,3,3,2,3,2,1,4855,7653,4,0,2,7,5,2,1,4
1113,32,0,1,1,4,4,3,2,1,1,1,4087,25174,4,0,1,9,6,5,1,2
1114,48,0,1,15,1,3,3,1,1,1,1,2367,16530,8,0,1,10,8,2,7,6
1115,34,0,1,7,2,1,3,1,1,4,0,2972,22061,1,0,0,1,1,0,0,0
1116,55,0,0,26,3,3,2,5,5,4,1,19586,23037,1,0,1,36,36,6,2,13
1117,34,0,1,1,0,2,3,2,1,4,1,5484,13008,9,0,1,9,2,2,2,1
1118,26,0,1,3,0,1,3,1,1,4,1,2061,11133,1,0,0,1,1,0,0,0
1119,38,0,0,14,0,3,3,2,0,2,1,9924,12355,0,0,1,10,9,8,7,7
1120,38,0,0,16,0,2,3,2,0,2,0,4198,16379,2,0,0,8,3,2,1,2
1121,36,0,0,1,0,2,3,2,0,3,0,6815,21447,6,0,0,15,1,0,0,0
1122,29,0,1,3,2,2,3,1,2,1,0,4723,16213,1,1,0,10,10,9,1,5
1123,35,0,1,10,2,1,3,2,4,3,0,6142,4223,3,1,0,10,5,2,0,4
1124,39,0,0,6,2,4,4,3,0,3,1,8237,4658,2,0,1,11,7,6,7,6
1125,29,0,1,2,0,1,3,2,4,4,2,8853,24483,1,0,1,6,6,4,1,3
1126,50,0,0,9,3,3,3,5,5,3,1,19331,19519,4,1,1,27,1,0,0,0
1127,23,0,1,10,4,4,4,1,1,3,1,2073,12826,2,0,1,4,2,2,2,2
1128,36,0,1,6,0,1,4,2,2,1,1,5562,19711,3,1,1,9,3,2,0,2
1129,42,0,1,9,1,4,2,5,5,4,0,19613,26362,8,0,0,24,1,0,0,1
1130,35,0,1,28,0,2,4,2,2,3,1,3407,25348,1,0,2,10,10,9,6,8
1131,34,0,1,10,4,4,2,2,4,3,1,5063,15332,1,0,1,8,8,2,7,7
1132,40,0,0,14,0,4,3,2,0,1,1,4639,11262,1,0,1,5,5,4,1,2
1133,43,0,1,27,4,4,4,1,2,2,2,4876,5855,5,0,1,8,6,4,0,2
1134,35,0,1,7,0,3,2,1,2,4,1,2690,7713,1,0,1,1,1,0,0,1
1135,46,0,0,1,0,4,4,4,5,1,0,17567,3156,1,0,0,27,26,0,0,12
1136,28,1,1,24,2,3,3,1,2,2,1,2408,7324,1,1,3,1,1,1,0,0
1137,22,0,1,26,1,2,2,1,1,3,1,2814,10293,1,1,0,4,4,2,1,3
1138,50,0,1,20,2,2,3,4,4,3,1,11245,20689,2,1,1,32,30,8,12,13
1139,32,0,1,5,1,2,4,1,1,4,1,3312,18783,3,0,2,6,3,2,0,2
1140,44,0,1,7,2,2,3,5,7,4,2,19049,3549,0,1,1,23,22,7,1,10
1141,30,0,1,7,2,2,2,1,1,2,1,2141,5348,1,0,1,6,6,4,1,1
1142,45,0,1,5,2,3,1,2,2,1,0,5769,23447,1,1,0,10,10,7,1,4
1143,45,0,0,26,3,1,2,2,0,1,1,4385,24162,1,0,1,10,10,7,4,5
1144,31,0,0,2,1,4,3,2,0,1,0,5332,21602,7,0,0,10,5,2,0,3
1145,36,0,1,12,0,3,3,2,3,3,1,4663,12421,9,1,2,7,3,2,1,1
1146,34,0,1,10,0,3,4,2,3,4,2,4724,17000,1,0,1,9,9,7,7,2
1147,49,0,1,25,0,3,3,1,2,1,1,3211,22102,1,0,1,10,9,6,1,4
1148,39,0,1,10,2,2,3,2,3,1,1,5377,3835,2,0,3,10,7,7,7,7
1149,27,0,1,19,1,4,2,1,2,1,2,4066,16290,1,0,2,7,7,7,0,7
1150,35,0,1,18,0,2,4,2,1,1,1,5208,26312,1,0,0,16,16,15,1,10
1151,28,0,1,27,2,2,1,2,3,1,2,4877,20460,0,0,1,6,5,3,0,0
1152,21,0,1,5,2,3,3,1,1,4,0,3117,26009,1,0,0,3,2,2,2,2
1153,18,1,0,3,2,2,3,1,6,4,0,1569,18420,1,1,0,0,0,0,0,0
1154,47,0,2,26,0,4,3,5,5,3,1,19658,5220,3,0,1,27,5,2,1,0
1155,39,0,1,3,2,3,2,2,2,3,2,3069,10302,0,0,1,11,10,8,0,7
1156,40,0,1,15,0,1,2,3,3,3,1,10435,25800,1,0,2,18,18,15,14,12
1157,35,0,1,8,0,3,3,2,4,3,1,4148,12250,1,0,1,15,14,11,2,9
1158,37,0,1,19,0,3,3,2,3,3,1,5768,26493,3,0,3,9,4,3,0,2
1159,39,0,1,4,2,1,3,2,3,3,0,5042,3140,0,0,0,10,9,2,3,8
1160,45,0,1,2,1,4,2,2,3,4,2,5770,5388,1,0,2,10,10,7,3,9
1161,38,0,1,2,2,4,2,3,3,3,1,7756,14199,3,1,1,10,5,4,0,2
1162,35,1,0,10,2,4,2,3,0,1,1,10306,21530,9,0,0,15,13,12,6,0
1163,37,0,1,10,2,2,3,1,1,2,1,3936,9953,1,0,1,8,8,4,7,7
1164,40,0,1,16,0,3,3,3,3,4,0,7945,19948,6,1,0,18,4,2,3,3
1165,44,0,2,1,5,1,3,2,8,4,1,5743,10503,4,1,0,14,10,7,0,2
1166,48,0,1,4,2,3,2,4,5,4,1,15202,5602,2,0,1,23,2,2,2,2
1167,35,1,0,15,2,1,1,2,0,4,2,5440,22098,6,1,2,7,2,2,2,2
1168,24,0,1,2,4,1,3,1,1,4,0,3760,17218,1,1,0,6,6,3,1,3
1169,27,0,1,8,2,2,4,1,1,3,1,3517,22490,7,0,0,5,3,2,0,2
1170,27,0,1,2,2,4,3,1,1,4,0,2580,6297,2,0,0,6,4,2,1,2
1171,40,1,1,7,0,1,3,1,2,1,0,2166,3339,3,1,0,10,4,2,0,3
1172,29,0,0,10,2,3,2,2,0,3,0,5869,23413,9,0,0,8,5,2,1,4
1173,36,0,1,5,0,2,3,3,4,1,1,8008,22792,4,0,2,9,3,2,0,2
1174,25,0,1,2,0,4,4,2,3,3,2,5206,4973,1,0,2,7,7,7,0,7
1175,39,0,1,12,2,4,3,2,3,2,1,5295,7693,4,0,0,7,5,4,1,0
1176,49,0,1,22,1,1,3,4,7,2,1,16413,3498,3,0,2,27,4,2,1,2
1177,50,0,1,17,0,4,2,3,7,1,2,13269,21981,5,0,3,19,14,11,1,11
1178,20,0,0,2,2,3,3,1,6,3,0,2783,13251,1,0,0,2,2,2,2,2
1179,34,0,1,3,0,4,3,2,1,2,2,5433,19332,1,0,1,11,11,8,7,9
1180,36,0,1,7,0,1,3,1,2,2,0,2013,10950,2,0,0,15,4,3,1,3
1181,49,0,1,6,0,3,2,4,4,3,1,13966,11652,2,1,1,30,15,11,2,12
1182,36,0,1,1,2,4,2,2,3,3,1,4374,15411,0,0,0,4,3,2,1,2
1183,36,0,1,3,0,4,4,2,4,1,2,6842,26308,6,0,1,13,5,4,0,4
1184,54,0,1,22,2,2,3,4,5,3,1,17426,18685,3,0,1,36,10,8,4,7
1185,43,0,1,15,0,3,2,4,7,3,1,17603,3525,1,0,1,14,14,10,6,11
1186,35,1,0,12,1,4,3,2,0,4,0,4581,10414,3,1,0,13,11,9,6,7
1187,38,0,1,1,0,4,3,2,1,4,1,4735,9867,7,0,2,19,13,11,2,9
1188,29,0,0,5,2,1,2,2,0,2,2,4187,3356,1,1,1,10,10,0,0,9
1189,33,0,0,2,2,4,3,2,0,4,2,5505,3921,1,0,2,6,6,2,0,4
1190,32,0,1,2,2,4,3,2,1,2,2,5470,25518,0,0,2,10,9,5,1,6
1191,31,0,0,5,0,1,3,2,0,4,1,5476,22589,1,0,2,10,10,0,0,2
1192,49,0,1,16,2,4,3,1,2,1,2,2587,24941,4,1,1,17,2,2,2,2
1193,38,0,1,2,2,4,2,1,2,2,0,2440,23826,1,0,0,4,4,3,3,3
1194,47,0,0,2,0,2,4,4,5,2,2,15972,21086,6,0,3,29,3,2,1,2
1195,49,0,1,1,0,3,3,4,5,3,0,15379,22384,4,0,0,23,8,7,0,0
1196,41,0,0,23,0,4,3,3,0,3,0,7082,11591,3,1,0,21,2,0,0,2
1197,20,0,0,9,0,4,3,1,6,1,0,2728,21082,1,0,0,2,2,2,0,2
1198,33,0,0,16,0,3,3,2,0,4,2,5368,16130,1,1,1,7,6,5,1,2
1199,36,0,1,26,0,1,3,2,4,3,1,5347,7419,6,0,2,10,3,2,0,2
1200,44,0,2,1,0,3,3,1,8,4,2,3195,4167,4,1,3,8,2,2,2,2
1201,23,1,1,8,2,4,2,1,2,3,0,3989,20586,1,1,0,5,5,4,1,2
1202,38,0,1,4,2,4,3,1,2,3,1,3306,26176,7,0,1,7,0,0,0,0
1203,53,0,1,24,2,2,4,3,4,4,1,7005,3458,3,0,0,11,4,3,1,2
1204,48,1,0,7,2,4,3,1,6,3,1,2655,11740,2,1,2,19,9,7,7,7
1205,32,1,1,2,0,4,3,1,2,2,0,1393,24852,1,0,0,1,1,0,0,0
1206,26,0,1,7,2,4,3,1,2,4,0,2570,11925,1,0,0,7,7,7,5,7
1207,55,0,1,22,4,1,2,1,1,2,2,3537,23737,5,0,1,8,4,2,1,2
1208,34,0,1,5,2,2,2,2,2,4,1,3986,11912,1,0,1,15,15,10,4,13
1209,60,0,1,1,2,3,1,3,4,4,2,10883,20467,3,0,1,19,1,0,0,0
1210,33,0,1,21,2,2,4,1,2,2,1,2028,13637,1,0,3,14,14,11,2,13
1211,37,0,0,1,2,3,1,2,0,4,2,9525,7677,1,0,2,6,6,3,1,3
1212,34,0,1,19,0,2,2,1,1,4,1,2929,20338,1,0,0,10,10,9,8,7
1213,23,1,0,7,0,3,3,1,6,4,2,2275,25103,1,1,1,3,3,2,0,2
1214,44,0,1,2,0,3,4,3,4,4,1,7879,14810,1,1,1,9,8,7,6,7
1215,35,0,1,2,2,1,2,1,1,4,0,4930,13970,0,1,0,6,5,4,1,4
1216,43,0,0,2,2,4,3,2,0,4,1,7847,6069,1,1,1,10,10,9,8,8
1217,24,0,1,9,2,3,4,1,1,3,1,4401,17616,1,0,1,5,5,3,0,4
1218,41,0,0,6,3,4,3,3,0,3,0,9241,15869,1,0,0,10,10,8,8,7
1219,29,0,1,9,2,4,3,1,2,3,1,2974,25412,9,0,1,9,5,3,1,2
1220,36,0,0,2,0,3,3,2,6,4,0,4502,7439,3,0,0,17,13,7,6,7
1221,45,0,1,1,0,3,2,3,4,3,1,10748,3395,3,0,1,25,23,15,14,4
1222,24,1,2,22,5,4,1,1,8,3,1,1555,11585,1,0,1,1,1,0,0,0
1223,47,1,0,9,0,3,1,4,0,3,1,12936,24164,7,0,0,25,23,5,14,10
1224,26,0,1,17,2,4,1,1,2,3,1,2305,6217,1,0,3,3,3,2,0,2
1225,45,0,1,28,4,4,2,4,7,2,0,16704,17119,1,0,0,21,21,6,8,6
1226,32,0,1,10,0,1,3,1,1,3,1,3433,17360,6,0,1,10,5,2,1,3
1227,31,0,1,2,0,2,3,1,2,3,1,3477,18103,1,0,1,6,5,2,0,3
1228,41,0,2,4,5,3,1,2,8,2,1,6430,20794,6,0,1,10,3,2,1,2
1229,40,0,1,8,0,2,3,2,3,1,1,6516,5041,2,1,1,18,1,0,0,0
1230,24,0,1,29,2,2,3,1,2,1,2,3907,3622,1,0,3,6,6,2,1,2
1231,46,0,1,13,0,3,3,2,4,2,0,5562,9697,6,0,0,19,10,7,0,9
1232,35,0,1,27,0,4,3,2,3,3,1,6883,5151,2,0,1,17,7,7,0,7
1233,30,0,1,16,0,2,3,1,1,4,1,2862,3811,1,0,1,10,10,0,0,8
1234,47,0,0,2,3,3,3,2,0,2,1,4978,3536,7,0,1,4,1,0,0,0
1235,46,0,0,2,0,3,3,3,0,4,2,10368,5596,4,1,1,13,10,6,0,3
1236,36,1,0,13,3,2,2,2,0,1,2,6134,8658,5,1,3,16,2,2,2,2
1237,32,1,0,1,0,1,1,2,0,2,0,6735,12147,6,0,0,10,0,0,0,0
1238,23,0,1,4,2,3,3,1,2,2,0,3295,12862,1,0,0,3,3,2,1,2
1239,31,0,1,24,4,4,3,2,3,4,0,5238,6670,2,0,0,9,5,4,1,4
1240,39,0,1,1,0,4,3,2,2,4,1,6472,8989,1,1,1,9,9,8,5,8
1241,32,0,0,19,0,4,1,3,0,3,1,9610,3840,3,0,1,10,4,3,0,2
1242,40,0,0,7,2,2,3,5,5,2,0,19833,4349,1,0,0,21,21,8,12,8
1243,45,0,2,4,0,3,1,3,8,3,1,9756,6595,4,0,2,9,5,0,0,3
1244,30,0,1,2,4,4,2,1,1,1,0,4968,26427,0,0,0,10,9,7,0,7
1245,24,0,2,10,2,1,3,1,8,4,1,2145,2097,0,0,1,3,2,2,2,1
1246,30,1,2,8,5,3,2,1,8,4,2,2180,9732,6,0,1,6,4,2,1,2
1247,31,0,0,5,4,1,3,2,0,3,1,8346,20943,1,0,1,6,5,2,0,2
1248,27,0,1,8,2,3,3,1,1,4,0,3445,6152,1,0,0,6,6,2,1,4
1249,29,1,0,9,3,2,1,1,6,2,0,2760,14630,1,0,0,2,2,2,2,2
1250,29,0,1,1,0,4,4,2,4,3,0,6294,23060,8,1,0,10,3,2,0,2
1251,30,0,0,15,3,3,2,3,0,1,2,7140,3088,2,0,1,12,7,7,1,7
1252,34,0,1,2,2,4,4,1,1,4,1,2932,5586,0,1,3,6,5,0,1,2
1253,33,0,0,2,3,4,3,2,0,2,0,5147,10697,8,0,0,13,11,7,1,7
1254,49,0,0,11,3,4,3,2,0,4,0,4507,8191,3,0,0,8,5,1,0,4
1255,33,1,0,16,0,1,3,3,0,1,0,8564,10092,2,1,0,11,0,0,0,0
1256,38,0,1,2,2,3,2,1,2,2,1,2468,15963,4,0,1,9,6,1,0,5
1257,31,1,0,16,3,1,3,3,0,3,1,8161,19002,2,0,3,10,1,0,0,0
1258,29,0,1,4,4,4,2,1,1,1,2,2109,10007,1,0,1,1,1,0,0,0
1259,30,0,1,16,0,3,4,2,4,3,1,5294,9128,3,0,1,10,7,0,1,7
1260,32,0,1,5,4,2,3,1,1,2,0,2718,17674,2,0,0,12,7,7,0,7
1261,38,0,1,18,2,2,1,2,4,4,1,5811,24539,3,1,1,15,1,0,1,0
1262,43,1,1,17,4,3,2,1,1,3,1,2437,15587,9,1,1,6,1,0,0,0
1263,42,0,1,12,2,2,3,1,2,2,2,2766,8952,8,0,3,7,5,3,0,4
1264,55,0,1,2,2,3,2,5,7,1,1,19038,19805,8,0,3,34,1,0,0,0
1265,33,0,1,4,4,4,3,2,1,2,2,3055,6194,5,0,2,11,9,8,1,7
1266,41,0,1,9,0,3,3,1,2,1,2,2289,20520,1,0,2,5,5,3,0,4
1267,34,0,0,10,0,4,3,2,0,3,2,4001,12313,1,1,1,15,15,14,0,7
1268,53,0,1,1,2,1,2,4,3,3,1,12965,22308,4,1,3,27,3,2,0,2
1269,43,0,2,2,0,2,3,1,8,4,0,3539,5033,0,0,0,10,9,7,1,8
1270,34,0,0,3,0,4,1,2,0,4,0,6029,25353,5,0,0,6,2,2,2,2
1271,21,1,0,7,3,2,3,1,6,2,0,2679,4567,1,0,0,1,1,0,1,0
1272,38,0,1,6,1,4,2,1,2,3,1,3702,16376,1,0,1,5,5,4,0,4
1273,22,1,1,8,2,3,3,1,2,1,1,2398,15999,1,1,0,1,1,0,0,0
1274,31,0,0,29,3,1,2,2,0,4,1,5468,13402,1,0,2,13,12,7,5,7
1275,51,0,1,3,4,1,3,3,5,3,1,13116,22984,2,0,0,15,2,2,2,2
1276,37,0,0,9,3,2,2,2,0,2,1,4189,8800,1,0,2,5,5,2,0,3
1277,46,0,1,2,2,3,3,5,7,4,2,19328,14218,7,1,1,24,2,1,2,2
1278,36,0,1,10,0,4,3,3,4,1,1,8321,25949,7,1,1,15,12,8,5,7
1279,44,1,1,1,2,3,3,1,1,2,2,2342,11092,1,1,3,6,5,3,2,3
1280,37,0,2,8,1,3,3,2,8,2,2,4071,12832,2,0,0,19,10,0,4,7
1281,35,1,0,27,0,3,3,2,0,4,0,5813,13492,1,1,0,10,10,7,7,7
1282,33,0,1,8,0,4,4,1,1,1,1,3143,6076,6,0,1,14,10,8,7,6
1283,28,0,1,1,0,3,3,1,1,4,1,2044,5531,1,0,1,5,5,3,0,3
1284,39,0,1,10,2,3,3,3,7,3,0,13464,7914,7,0,0,9,4,3,2,2
1285,46,0,0,26,0,2,2,2,0,2,0,7991,25166,8,0,0,6,2,2,2,2
1286,40,0,1,2,0,3,3,1,2,1,1,3377,25605,4,0,1,7,4,3,0,2
1287,42,0,1,13,2,2,4,2,4,1,1,5538,5696,5,0,2,10,0,0,0,0
1288,35,0,1,2,2,2,3,2,3,4,2,5762,24442,2,0,1,15,7,7,1,7
1289,38,0,2,2,5,1,3,1,8,2,2,2592,7129,5,0,3,13,11,10,3,8
1290,34,1,1,9,0,4,3,2,2,1,1,5346,6208,4,0,1,11,7,1,0,7
1291,37,1,1,10,2,4,3,2,3,1,0,4213,4992,1,0,0,10,10,3,0,8
1292,39,0,0,20,0,3,3,2,0,4,2,4127,19188,2,0,1,7,2,1,2,2
1293,43,0,1,9,0,1,3,1,1,3,0,2438,24978,4,0,0,7,3,2,1,2
1294,41,0,1,5,0,2,4,2,4,2,0,6870,15530,3,0,0,11,3,2,1,2
1295,41,0,0,4,3,3,3,3,0,3,2,10447,26458,0,1,1,23,22,14,13,5
1296,30,0,1,10,2,1,3,3,3,3,0,9667,2739,9,0,0,9,7,7,0,2
1297,26,1,2,20,2,4,3,1,8,2,1,2148,6889,0,1,0,6,5,1,1,4
1298,46,1,1,21,2,4,3,2,4,2,1,8926,10842,4,0,1,13,9,7,3,7
1299,40,0,1,1,0,3,3,2,4,4,2,6513,9060,4,0,1,12,5,3,0,3
1300,34,0,0,8,4,2,4,2,0,3,1,6799,22128,1,0,2,10,10,8,4,8
1301,58,0,0,2,2,2,3,4,5,2,2,16291,22577,4,0,1,37,16,9,14,14
1302,35,0,1,23,2,2,1,1,2,3,1,2705,9696,0,0,1,6,5,4,0,3
1303,47,0,1,4,0,3,2,3,3,2,2,10333,19271,8,1,1,28,22,11,14,10
1304,40,0,1,12,0,2,3,2,4,1,2,4448,10748,2,0,1,15,7,4,7,7
1305,54,0,1,7,2,4,3,2,1,4,1,6854,15696,4,0,1,14,7,1,1,7
1306,31,0,0,7,3,1,3,3,0,1,1,9637,8277,2,0,2,9,3,2,2,2
1307,28,0,1,1,2,3,3,1,1,1,1,3591,12719,1,0,1,3,3,2,1,2
1308,38,0,0,2,3,2,1,2,6,4,1,5405,4244,2,1,2,20,4,2,0,3
1309,26,0,0,10,2,3,3,2,0,4,0,4684,9125,1,0,0,5,5,3,1,2
1310,58,0,1,15,0,1,3,4,7,3,1,15787,21624,2,1,0,23,2,2,2,2
1311,18,0,1,14,2,2,3,1,1,3,0,1514,8018,1,0,0,0,0,0,0,0
1312,31,1,2,18,5,4,4,1,8,1,1,2956,21495,0,0,0,2,1,0,0,0
1313,29,1,2,13,5,1,2,1,8,1,2,2335,3157,4,1,3,4,2,2,2,0
1314,45,0,0,2,0,3,3,2,0,3,1,5154,19665,4,0,2,10,8,7,5,7
1315,36,0,1,2,1,4,3,2,1,2,1,6962,19573,4,1,1,15,1,0,0,0
1316,43,0,0,2,0,1,3,2,0,4,1,5675,19246,1,0,1,7,7,7,7,7
1317,27,0,1,5,0,4,3,1,2,4,0,2379,19826,0,1,0,6,5,4,0,2
1318,29,0,1,20,2,4,3,1,2,4,1,3812,7003,1,0,0,11,11,8,3,10
1319,32,0,0,10,3,4,3,2,0,4,0,4648,26075,8,0,0,4,0,0,0,0
1320,42,0,1,10,4,3,3,1,1,3,1,2936,6161,3,0,2,10,6,3,3,3
1321,47,0,1,9,0,2,3,1,2,3,0,2105,5411,4,0,0,7,2,2,2,0
1322,46,0,1,2,0,4,3,3,3,4,2,8578,19989,3,0,1,12,9,8,4,7
1323,28,0,2,1,0,3,3,1,8,4,2,2706,10494,1,0,1,3,3,2,2,2
1324,29,0,1,29,0,4,1,2,4,3,2,6384,21143,8,0,2,11,7,0,1,6
1325,42,0,1,8,0,4,3,1,2,3,0,3968,13624,4,0,0,8,0,0,0,0
1326,32,1,0,2,3,3,2,2,0,2,0,9907,26186,7,1,0,7,2,2,2,2
1327,46,0,0,3,4,1,4,4,0,1,2,13225,7739,2,0,1,25,19,17,2,8
1328,27,0,0,23,2,2,2,2,6,3,1,3540,7018,1,0,1,9,9,8,5,8
1329,29,0,2,6,2,4,2,1,8,2,1,2804,15434,1,0,0,1,1,0,0,0
1330,43,0,1,6,2,1,2,5,5,3,1,19392,22539,7,0,0,21,16,12,6,14
1331,48,0,1,10,0,4,2,5,7,2,1,19665,13583,4,0,0,29,22,10,12,9
1332,29,1,1,24,0,4,2,1,1,4,0,2439,14753,1,1,0,1,1,0,1,0
1333,46,1,0,10,0,3,3,3,0,2,1,7314,14011,5,0,3,14,8,7,0,7
1334,27,0,1,15,0,4,2,1,1,1,1,4774,23844,0,0,1,8,7,6,7,3
1335,39,0,1,19,1,4,3,2,1,4,2,3902,5141,8,0,3,7,2,2,2,2
1336,55,0,1,2,4,2,2,1,1,4,1,2662,7975,8,0,1,19,5,2,0,4
1337,28,0,0,3,2,2,3,1,6,2,1,2856,3692,1,0,1,1,1,0,0,0
1338,30,1,0,9,2,2,3,1,6,4,0,1081,16019,1,0,0,1,1,0,0,0
1339,22,1,1,7,0,4,3,1,1,2,0,2472,26092,1,1,0,1,1,0,0,0
1340,36,0,0,10,4,2,2,2,0,3,1,5673,6060,1,1,1,10,10,9,1,7
1341,31,0,1,20,0,2,3,2,2,3,2,4197,18624,1,0,1,10,10,8,0,2
1342,34,0,0,4,0,3,3,3,0,4,1,9713,24444,2,1,3,9,5,3,1,0
1343,29,0,1,7,0,4,3,1,2,1,0,2062,19384,3,0,0,11,3,2,1,2
1344,37,0,1,7,2,4,3,2,1,1,1,4284,13588,5,1,1,16,5,3,0,4
1345,35,0,1,16,1,4,2,2,3,2,1,4788,25388,0,1,0,4,3,2,0,2
1346,45,0,1,25,0,2,2,2,3,4,1,5906,23888,0,0,2,10,9,8,3,8
1347,36,0,2,2,5,2,2,2,8,4,0,3886,4223,1,0,0,10,10,1,0,8
1348,40,0,1,1,0,1,3,4,5,1,2,16823,18991,2,0,1,22,19,7,11,16
1349,26,0,1,1,0,2,2,1,1,3,1,2933,14908,1,1,1,1,1,0,1,0
1350,27,0,0,2,2,1,4,2,0,3,0,6500,26997,0,0,0,9,8,7,0,7
1351,48,0,1,22,2,4,3,4,5,4,2,17174,2437,3,0,1,24,22,17,4,7
1352,44,0,1,1,0,2,4,2,4,1,1,5033,9364,2,0,1,10,2,0,2,2
1353,34,1,1,16,4,4,1,1,1,1,1,2307,14460,1,1,1,5,5,2,3,0
1354,56,1,1,24,0,1,3,1,2,4,0,2587,10261,1,0,0,5,4,2,1,0
1355,36,0,0,17,3,3,2,2,0,2,1,5507,16822,2,0,2,12,4,2,1,3
1356,41,0,0,8,3,3,3,2,0,2,1,4393,26841,5,0,1,14,5,4,1,4
1357,42,0,1,6,2,3,3,3,7,1,1,13348,14842,9,0,1,18,13,7,5,7
1358,31,0,0,10,2,3,3,2,0,4,2,6583,20115,2,1,1,8,5,2,1,4
1359,34,0,0,3,2,4,2,2,0,4,1,8103,16495,3,1,0,9,4,2,0,1
1360,31,0,1,4,2,1,4,1,2,3,2,3978,16031,8,0,1,4,2,2,2,2
1361,26,0,1,6,1,3,4,1,2,4,1,2544,7102,0,0,1,8,7,7,7,7
1362,45,0,1,1,2,2,3,2,4,3,0,5399,14511,4,0,0,12,4,2,0,3
1363,33,0,0,10,3,2,3,2,0,3,0,5487,10410,1,0,0,10,10,4,0,9
1364,28,0,0,1,0,3,2,2,0,4,1,6834,19255,1,1,1,7,7,7,0,7
1365,29,1,0,24,4,3,4,1,6,1,0,1091,10642,1,0,0,1,1,0,0,0
1366,39,0,0,21,0,1,1,2,0,3,1,5736,3987,6,0,1,10,3,2,1,2
1367,27,0,1,2,4,2,3,1,1,2,1,2226,6073,1,0,1,6,5,3,1,2
1368,34,0,1,22,1,3,2,2,1,4,1,5747,26496,1,1,0,16,15,10,6,11
1369,28,1,0,13,3,4,3,2,0,3,0,9854,23352,3,1,0,6,2,0,2,2
1370,47,0,1,14,4,3,3,2,1,2,1,5467,2125,8,0,1,16,8,7,1,7
1371,56,0,0,11,3,4,2,2,0,1,1,5380,20328,4,0,1,6,0,0,0,0
1372,39,0,1,9,2,1,3,2,3,1,1,5151,12315,1,0,1,10,10,0,7,9
1373,38,0,1,8,2,4,2,2,1,2,2,2133,18115,1,1,1,20,20,11,0,7
1374,58,0,0,21,0,4,3,4,5,4,1,17875,11761,4,1,1,29,1,0,0,0
1375,32,1,1,5,0,1,4,1,1,3,0,2432,15318,3,1,0,8,4,1,0,3
1376,38,0,1,9,0,2,3,1,1,4,2,4771,14293,2,0,2,10,5,2,0,3
1377,49,0,1,2,0,2,3,5,7,4,1,19161,13738,3,0,0,28,5,4,4,3
1378,42,0,0,12,3,2,3,2,0,4,2,5087,2900,3,1,2,14,0,0,0,0
1379,27,1,2,22,5,1,2,1,8,2,1,2863,19555,1,0,0,1,1,0,0,0
1380,35,0,0,18,2,2,3,2,0,1,1,5561,15975,0,0,1,6,5,3,0,4
1381,28,0,1,16,2,3,3,1,1,3,0,2144,2122,1,0,0,5,5,3,1,4
1382,31,0,1,3,2,3,3,1,1,1,2,3065,3995,1,1,1,4,4,2,2,3
1383,36,0,1,9,0,1,4,1,2,2,1,2810,9238,1,0,0,5,5,4,0,2
1384,34,0,0,1,3,1,3,3,0,4,0,9888,6770,1,0,0,14,14,8,2,1
1385,34,0,0,13,2,4,3,3,0,3,2,8628,22914,1,0,1,9,8,7,1,1
1386,26,0,1,1,2,3,3,1,2,1,0,2867,20006,0,0,0,8,7,7,7,6
1387,29,0,1,1,0,1,3,2,4,1,1,5373,6225,0,0,1,6,5,3,0,2
1388,32,0,1,15,2,3,3,2,4,4,2,6667,16542,5,0,1,9,5,1,1,2
1389,31,0,1,1,0,4,1,2,1,1,1,5003,5771,1,0,0,10,10,8,8,7
1390,28,1,1,17,4,3,2,1,2,4,2,2367,18779,5,0,1,6,4,1,0,3
1391,38,0,0,1,0,1,2,1,6,1,0,2858,11473,4,0,0,20,1,0,0,0
1392,35,0,0,7,0,3,3,2,0,4,1,5204,13586,1,1,0,10,10,8,0,9
1393,27,0,0,9,3,4,3,2,0,4,0,4105,5099,1,0,0,7,7,7,0,7
1394,32,0,1,5,0,4,2,2,3,4,0,9679,10138,8,0,0,8,1,0,0,0
1395,31,1,0,26,3,1,3,2,0,4,1,5617,21075,1,1,0,10,10,7,0,8
1396,53,1,0,24,0,1,3,3,0,1,0,10448,5843,6,1,0,15,2,2,2,2
1397,54,0,1,9,0,1,3,2,1,3,1,2897,22474,3,0,2,9,4,3,2,3
1398,33,0,1,7,0,4,3,2,4,3,2,5968,18079,1,0,3,9,9,7,2,8
1399,43,0,1,11,0,1,3,3,4,3,1,7510,16873,1,0,1,10,10,9,0,9
1400,38,0,2,1,1,4,3,1,8,2,1,2991,5224,0,1,1,7,6,2,1,2
1401,55,0,2,26,5,3,4,5,5,2,1,19636,25811,4,1,1,35,10,9,1,4
1402,31,0,1,2,2,4,1,1,2,4,2,1129,17536,1,1,3,1,1,0,0,0
1403,39,0,0,15,3,2,3,4,0,1,0,13341,25098,0,0,0,21,20,8,11,10
1404,42,0,1,23,0,4,2,2,1,3,0,4332,14811,1,0,0,20,20,9,3,7
1405,31,0,1,10,2,3,3,3,7,3,1,11031,26862,4,0,1,13,11,7,4,8
1406,54,0,1,10,2,3,3,2,3,1,0,4440,25198,6,1,0,9,5,2,1,4
1407,24,0,1,1,0,2,2,2,4,3,0,4617,14120,1,0,0,4,4,3,1,2
1408,23,0,1,12,1,4,3,1,2,4,0,2647,13672,1,0,0,5,5,2,1,4
1409,40,0,1,11,4,4,3,2,2,3,1,6323,26849,1,0,1,10,10,9,9,4
1410,40,0,0,2,3,2,3,2,0,2,1,5677,4258,3,0,1,15,11,8,5,10
1411,25,0,2,2,5,3,3,1,8,2,1,2187,19655,4,0,0,6,2,0,1,2
1412,30,0,1,1,2,4,3,1,2,2,1,3748,4077,1,0,0,12,12,8,1,7
1413,25,0,1,2,1,4,3,1,2,3,2,3977,7298,6,1,1,7,2,2,0,2
1414,47,0,1,25,2,1,3,3,4,3,0,8633,13084,2,0,0,25,17,14,12,11
1415,33,0,1,1,2,2,2,1,2,3,2,2008,20439,1,0,3,1,1,1,0,0
1416,38,0,0,1,0,4,3,2,0,2,1,4440,7636,0,0,2,16,15,13,5,8
1417,31,0,0,2,0,1,3,1,6,3,1,3067,6393,0,0,1,3,2,2,1,2
1418,38,0,1,6,0,1,2,2,3,3,1,5321,14284,2,0,1,10,8,3,7,7
1419,42,0,1,18,0,4,3,2,1,1,2,5410,11189,6,1,1,9,4,3,1,2
1420,41,0,1,1,0,4,3,1,1,4,1,2782,21412,3,0,1,12,5,3,1,0
1421,47,0,1,1,2,3,3,3,7,2,1,11957,17231,0,0,2,14,13,8,5,12
1422,35,0,1,11,2,4,3,1,2,3,1,2660,20232,7,1,1,5,2,2,2,2
1423,22,0,1,1,0,4,3,1,1,3,0,3375,17624,0,0,0,4,3,2,1,2
1424,35,0,1,9,2,2,3,2,1,3,0,5098,18698,1,0,0,10,10,7,0,8
1425,33,0,1,15,2,2,3,2,4,4,1,4878,21653,0,1,1,10,9,7,8,1
1426,32,0,1,29,0,3,2,1,2,2,0,2837,15919,1,0,0,6,6,2,4,1
1427,40,0,1,1,0,1,3,1,2,4,1,2406,4060,8,0,2,8,1,0,0,0
1428,32,0,0,1,2,2,2,1,6,2,1,2269,18024,0,0,1,3,2,2,2,2
1429,39,0,1,24,0,1,3,2,1,4,0,4108,5340,7,0,0,18,7,7,1,7
1430,38,0,1,10,2,2,1,3,7,3,1,13206,3376,3,0,1,20,18,16,1,11
1431,32,0,0,1,3,3,3,3,0,4,1,10422,24032,1,0,2,14,14,10,5,7
1432,37,0,1,10,0,3,4,3,7,4,1,13744,15471,1,1,1,16,16,11,6,8
1433,25,0,0,8,1,1,3,2,0,3,2,4907,13684,0,1,1,6,5,3,0,4
1434,52,0,0,29,0,1,3,1,6,4,2,3482,19788,2,0,2,16,9,8,0,0
1435,44,0,1,1,2,2,3,1,1,4,0,2436,13422,6,1,0,6,4,3,1,2
1436,21,0,0,5,2,3,3,1,6,1,0,2380,25479,1,1,0,2,2,2,1,2
1437,39,0,1,9,0,4,3,5,5,4,0,19431,15302,2,0,0,21,6,0,1,3
1438,23,1,0,9,3,4,3,1,6,1,1,1790,26956,1,0,1,1,1,0,1,0
1439,36,0,0,3,2,1,2,3,0,4,1,7644,12695,0,0,2,10,9,7,3,4
1440,36,0,1,4,0,4,3,2,3,2,2,5131,9192,7,0,3,18,4,2,0,2
1441,56,0,1,1,0,3,3,2,4,3,2,6306,26236,1,0,1,13,13,12,1,9
1442,29,1,1,1,2,1,3,1,1,4,1,4787,26124,9,1,3,4,2,2,2,2
1443,42,0,1,2,0,1,3,5,5,3,1,18880,17312,5,0,0,24,22,6,4,14
1444,56,1,1,7,4,4,3,1,2,3,1,2339,3666,8,0,1,14,10,9,9,8
1445,41,0,1,28,0,1,2,4,3,2,1,13570,5640,0,0,1,21,20,7,0,10
1446,34,0,0,28,3,4,2,2,0,3,1,6712,8978,1,0,2,8,8,7,1,7
1447,36,0,0,15,3,4,1,2,0,4,2,5406,10436,1,0,1,15,15,12,11,11
1448,41,0,0,3,0,3,2,2,0,2,2,8938,12227,2,0,1,14,5,4,0,4
1449,32,0,1,2,4,4,3,1,1,1,0,2439,11288,1,0,0,4,4,2,1,2
1450,35,0,2,26,0,3,3,3,8,4,0,8837,16642,1,1,0,9,9,0,1,7
1451,38,0,0,10,0,1,3,2,0,4,1,5343,5982,1,0,1,10,10,7,1,9
1452,50,1,0,1,0,2,3,2,0,3,2,6728,14255,7,0,2,12,6,3,0,1
1453,36,0,0,11,3,2,2,2,0,4,1,6652,14369,4,0,1,8,6,3,0,0
1454,45,0,0,20,0,4,3,2,0,3,0,4850,23333,8,0,0,8,5,3,0,1
1455,40,0,1,2,0,3,2,1,1,3,0,2809,2725,2,0,0,8,2,2,2,2
1456,35,0,1,18,0,3,3,2,4,3,1,5689,24594,1,1,2,10,10,2,0,2
1457,40,0,1,2,2,3,3,1,1,3,1,2001,12549,2,0,3,20,5,3,0,2
1458,35,0,1,1,0,3,1,1,1,4,1,2977,8952,1,0,1,4,4,3,1,1
1459,29,0,1,13,1,4,2,2,2,2,1,4025,23679,4,1,1,10,4,3,0,3
1460,29,0,1,28,2,4,2,1,1,1,0,3785,8489,1,0,0,5,5,4,0,4
1461,50,1,0,28,3,4,2,3,0,1,2,10854,16586,4,1,1,20,3,2,2,0
1462,39,0,0,24,3,2,2,4,0,4,1,12031,8828,0,0,1,21,20,9,9,6
1463,31,0,1,5,2,2,3,2,3,1,0,9936,3787,0,0,0,10,9,4,1,7
1464,26,0,0,5,1,4,2,1,6,3,0,2966,21378,0,0,0,5,4,2,0,0
1465,36,0,1,23,2,3,4,2,2,4,1,2571,12290,4,0,1,17,5,2,0,3
1466,39,0,1,6,2,4,2,3,4,1,1,9991,21457,4,0,1,9,7,7,1,7
1467,27,0,1,4,0,2,4,2,3,2,1,6142,5174,1,1,1,6,6,2,0,3
1468,49,0,0,2,2,4,2,2,0,2,1,5390,13243,2,0,0,17,9,6,0,8
1469,34,0,1,8,2,2,4,2,2,3,1,4404,10228,2,0,0,6,4,3,1,2
